kode_kabupaten_kota,nama_kabupaten_kota,jenis_kelamin,jml_kdrt_by_gender,tahun,kategori_pendidikan,jml_kekerasan_by_education,persentase_total_kekerasan
3201,KABUPATEN BOGOR,LAKI-LAKI,0,2018,,0,0.0
3201,KABUPATEN BOGOR,LAKI-LAKI,0,2018,TIDAK SEKOLAH,0,0.0
3201,KABUPATEN BOGOR,LAKI-LAKI,0,2018,SD,0,0.0
3201,KABUPATEN BOGOR,LAKI-LAKI,0,2018,SLTP,0,0.0
3201,KABUPATEN BOGOR,LAKI-LAKI,0,2018,SLTA,0,0.0
3201,KABUPATEN BOGOR,LAKI-LAKI,0,2018,PERGURUAN TINGGI,0,0.0
3201,KABUPATEN BOGOR,LAKI-LAKI,0,2018,TK,0,0.0
3201,KABUPATEN BOGOR,LAKI-LAKI,0,2018,PAUD,0,0.0
3201,KABUPATEN BOGOR,PEREMPUAN,1,2018,,0,0.006
3201,KABUPATEN BOGOR,PEREMPUAN,1,2018,TIDAK SEKOLAH,0,0.006
3201,KABUPATEN BOGOR,PEREMPUAN,1,2018,SD,0,0.006
3201,KABUPATEN BOGOR,PEREMPUAN,1,2018,SLTP,1,0.012
3201,KABUPATEN BOGOR,PEREMPUAN,1,2018,SLTA,0,0.006
3201,KABUPATEN BOGOR,PEREMPUAN,1,2018,PERGURUAN TINGGI,1,0.012
3201,KABUPATEN BOGOR,PEREMPUAN,1,2018,TK,0,0.006
3201,KABUPATEN BOGOR,PEREMPUAN,1,2018,PAUD,0,0.006
3202,KABUPATEN SUKABUMI,LAKI-LAKI,1,2018,,0,0.006
3202,KABUPATEN SUKABUMI,LAKI-LAKI,1,2018,TIDAK SEKOLAH,0,0.006
3202,KABUPATEN SUKABUMI,LAKI-LAKI,1,2018,SD,3,0.023
3202,KABUPATEN SUKABUMI,LAKI-LAKI,1,2018,SLTP,0,0.006
3202,KABUPATEN SUKABUMI,LAKI-LAKI,1,2018,SLTA,2,0.018
3202,KABUPATEN SUKABUMI,LAKI-LAKI,1,2018,PERGURUAN TINGGI,0,0.006
3202,KABUPATEN SUKABUMI,LAKI-LAKI,1,2018,TK,0,0.006
3202,KABUPATEN SUKABUMI,LAKI-LAKI,1,2018,PAUD,0,0.006
3202,KABUPATEN SUKABUMI,PEREMPUAN,9,2018,,0,0.053
3202,KABUPATEN SUKABUMI,PEREMPUAN,9,2018,TIDAK SEKOLAH,0,0.053
3202,KABUPATEN SUKABUMI,PEREMPUAN,9,2018,SD,12,0.123
3202,KABUPATEN SUKABUMI,PEREMPUAN,9,2018,SLTP,7,0.094
3202,KABUPATEN SUKABUMI,PEREMPUAN,9,2018,SLTA,8,0.1
3202,KABUPATEN SUKABUMI,PEREMPUAN,9,2018,PERGURUAN TINGGI,2,0.065
3202,KABUPATEN SUKABUMI,PEREMPUAN,9,2018,TK,0,0.053
3202,KABUPATEN SUKABUMI,PEREMPUAN,9,2018,PAUD,0,0.053
3203,KABUPATEN CIANJUR,LAKI-LAKI,1,2018,,0,0.006
3203,KABUPATEN CIANJUR,LAKI-LAKI,1,2018,TIDAK SEKOLAH,0,0.006
3203,KABUPATEN CIANJUR,LAKI-LAKI,1,2018,SD,3,0.023
3203,KABUPATEN CIANJUR,LAKI-LAKI,1,2018,SLTP,0,0.006
3203,KABUPATEN CIANJUR,LAKI-LAKI,1,2018,SLTA,0,0.006
3203,KABUPATEN CIANJUR,LAKI-LAKI,1,2018,PERGURUAN TINGGI,1,0.012
3203,KABUPATEN CIANJUR,LAKI-LAKI,1,2018,TK,0,0.006
3203,KABUPATEN CIANJUR,LAKI-LAKI,1,2018,PAUD,0,0.006
3203,KABUPATEN CIANJUR,PEREMPUAN,0,2018,,0,0.0
3203,KABUPATEN CIANJUR,PEREMPUAN,0,2018,TIDAK SEKOLAH,0,0.0
3203,KABUPATEN CIANJUR,PEREMPUAN,0,2018,SD,0,0.0
3203,KABUPATEN CIANJUR,PEREMPUAN,0,2018,SLTP,0,0.0
3203,KABUPATEN CIANJUR,PEREMPUAN,0,2018,SLTA,0,0.0
3203,KABUPATEN CIANJUR,PEREMPUAN,0,2018,PERGURUAN TINGGI,0,0.0
3203,KABUPATEN CIANJUR,PEREMPUAN,0,2018,TK,0,0.0
3203,KABUPATEN CIANJUR,PEREMPUAN,0,2018,PAUD,0,0.0
3204,KABUPATEN BANDUNG,LAKI-LAKI,0,2018,,0,0.0
3204,KABUPATEN BANDUNG,LAKI-LAKI,0,2018,TIDAK SEKOLAH,0,0.0
3204,KABUPATEN BANDUNG,LAKI-LAKI,0,2018,SD,3,0.018
3204,KABUPATEN BANDUNG,LAKI-LAKI,0,2018,SLTP,5,0.029
3204,KABUPATEN BANDUNG,LAKI-LAKI,0,2018,SLTA,2,0.012
3204,KABUPATEN BANDUNG,LAKI-LAKI,0,2018,PERGURUAN TINGGI,0,0.0
3204,KABUPATEN BANDUNG,LAKI-LAKI,0,2018,TK,0,0.0
3204,KABUPATEN BANDUNG,LAKI-LAKI,0,2018,PAUD,0,0.0
3204,KABUPATEN BANDUNG,PEREMPUAN,7,2018,TIDAK SEKOLAH,5,0.07
3204,KABUPATEN BANDUNG,PEREMPUAN,7,2018,SD,17,0.141
3204,KABUPATEN BANDUNG,PEREMPUAN,7,2018,SLTP,12,0.112
3204,KABUPATEN BANDUNG,PEREMPUAN,7,2018,SLTA,6,0.076
3204,KABUPATEN BANDUNG,PEREMPUAN,7,2018,PERGURUAN TINGGI,1,0.047
3204,KABUPATEN BANDUNG,PEREMPUAN,7,2018,TK,0,0.041
3204,KABUPATEN BANDUNG,PEREMPUAN,7,2018,PAUD,0,0.041
3204,KABUPATEN BANDUNG,PEREMPUAN,7,2018,,1,0.047
3205,KABUPATEN GARUT,LAKI-LAKI,0,2018,,1,0.006
3205,KABUPATEN GARUT,LAKI-LAKI,0,2018,TIDAK SEKOLAH,1,0.006
3205,KABUPATEN GARUT,LAKI-LAKI,0,2018,SD,0,0.0
3205,KABUPATEN GARUT,LAKI-LAKI,0,2018,SLTP,0,0.0
3205,KABUPATEN GARUT,LAKI-LAKI,0,2018,SLTA,0,0.0
3205,KABUPATEN GARUT,LAKI-LAKI,0,2018,PERGURUAN TINGGI,0,0.0
3205,KABUPATEN GARUT,LAKI-LAKI,0,2018,TK,0,0.0
3205,KABUPATEN GARUT,LAKI-LAKI,0,2018,PAUD,0,0.0
3205,KABUPATEN GARUT,PEREMPUAN,0,2018,,0,0.0
3205,KABUPATEN GARUT,PEREMPUAN,0,2018,TIDAK SEKOLAH,0,0.0
3205,KABUPATEN GARUT,PEREMPUAN,0,2018,SD,2,0.012
3205,KABUPATEN GARUT,PEREMPUAN,0,2018,SLTP,0,0.0
3205,KABUPATEN GARUT,PEREMPUAN,0,2018,SLTA,0,0.0
3205,KABUPATEN GARUT,PEREMPUAN,0,2018,PERGURUAN TINGGI,0,0.0
3205,KABUPATEN GARUT,PEREMPUAN,0,2018,TK,0,0.0
3205,KABUPATEN GARUT,PEREMPUAN,0,2018,PAUD,0,0.0
3206,KABUPATEN TASIKMALAYA,LAKI-LAKI,3,2018,,1,0.023
3206,KABUPATEN TASIKMALAYA,LAKI-LAKI,3,2018,TIDAK SEKOLAH,2,0.029
3206,KABUPATEN TASIKMALAYA,LAKI-LAKI,3,2018,SD,1,0.023
3206,KABUPATEN TASIKMALAYA,LAKI-LAKI,3,2018,SLTP,0,0.018
3206,KABUPATEN TASIKMALAYA,LAKI-LAKI,3,2018,SLTA,0,0.018
3206,KABUPATEN TASIKMALAYA,LAKI-LAKI,3,2018,PERGURUAN TINGGI,0,0.018
3206,KABUPATEN TASIKMALAYA,LAKI-LAKI,3,2018,TK,0,0.018
3206,KABUPATEN TASIKMALAYA,LAKI-LAKI,3,2018,PAUD,0,0.018
3206,KABUPATEN TASIKMALAYA,PEREMPUAN,11,2018,,13,0.141
3206,KABUPATEN TASIKMALAYA,PEREMPUAN,11,2018,TIDAK SEKOLAH,1,0.07
3206,KABUPATEN TASIKMALAYA,PEREMPUAN,11,2018,SD,1,0.07
3206,KABUPATEN TASIKMALAYA,PEREMPUAN,11,2018,SLTP,2,0.076
3206,KABUPATEN TASIKMALAYA,PEREMPUAN,11,2018,SLTA,0,0.065
3206,KABUPATEN TASIKMALAYA,PEREMPUAN,11,2018,PERGURUAN TINGGI,1,0.07
3206,KABUPATEN TASIKMALAYA,PEREMPUAN,11,2018,TK,1,0.07
3206,KABUPATEN TASIKMALAYA,PEREMPUAN,11,2018,PAUD,0,0.065
3207,KABUPATEN CIAMIS,LAKI-LAKI,0,2018,,0,0.0
3207,KABUPATEN CIAMIS,LAKI-LAKI,0,2018,TIDAK SEKOLAH,0,0.0
3207,KABUPATEN CIAMIS,LAKI-LAKI,0,2018,SD,0,0.0
3207,KABUPATEN CIAMIS,LAKI-LAKI,0,2018,SLTP,0,0.0
3207,KABUPATEN CIAMIS,LAKI-LAKI,0,2018,SLTA,0,0.0
3207,KABUPATEN CIAMIS,LAKI-LAKI,0,2018,PERGURUAN TINGGI,0,0.0
3207,KABUPATEN CIAMIS,LAKI-LAKI,0,2018,TK,0,0.0
3207,KABUPATEN CIAMIS,LAKI-LAKI,0,2018,PAUD,0,0.0
3207,KABUPATEN CIAMIS,PEREMPUAN,3,2018,,1,0.023
3207,KABUPATEN CIAMIS,PEREMPUAN,3,2018,TIDAK SEKOLAH,0,0.018
3207,KABUPATEN CIAMIS,PEREMPUAN,3,2018,SD,0,0.018
3207,KABUPATEN CIAMIS,PEREMPUAN,3,2018,SLTP,0,0.018
3207,KABUPATEN CIAMIS,PEREMPUAN,3,2018,SLTA,4,0.041
3207,KABUPATEN CIAMIS,PEREMPUAN,3,2018,PERGURUAN TINGGI,0,0.018
3207,KABUPATEN CIAMIS,PEREMPUAN,3,2018,TK,0,0.018
3207,KABUPATEN CIAMIS,PEREMPUAN,3,2018,PAUD,0,0.018
3208,KABUPATEN KUNINGAN,LAKI-LAKI,0,2018,,0,0.0
3208,KABUPATEN KUNINGAN,LAKI-LAKI,0,2018,TIDAK SEKOLAH,0,0.0
3208,KABUPATEN KUNINGAN,LAKI-LAKI,0,2018,SD,0,0.0
3208,KABUPATEN KUNINGAN,LAKI-LAKI,0,2018,SLTP,5,0.029
3208,KABUPATEN KUNINGAN,LAKI-LAKI,0,2018,SLTA,0,0.0
3208,KABUPATEN KUNINGAN,LAKI-LAKI,0,2018,PERGURUAN TINGGI,0,0.0
3208,KABUPATEN KUNINGAN,LAKI-LAKI,0,2018,TK,0,0.0
3208,KABUPATEN KUNINGAN,LAKI-LAKI,0,2018,PAUD,0,0.0
3208,KABUPATEN KUNINGAN,PEREMPUAN,1,2018,,0,0.006
3208,KABUPATEN KUNINGAN,PEREMPUAN,1,2018,TIDAK SEKOLAH,1,0.012
3208,KABUPATEN KUNINGAN,PEREMPUAN,1,2018,SD,6,0.041
3208,KABUPATEN KUNINGAN,PEREMPUAN,1,2018,SLTP,3,0.023
3208,KABUPATEN KUNINGAN,PEREMPUAN,1,2018,SLTA,1,0.012
3208,KABUPATEN KUNINGAN,PEREMPUAN,1,2018,PERGURUAN TINGGI,0,0.006
3208,KABUPATEN KUNINGAN,PEREMPUAN,1,2018,TK,0,0.006
3208,KABUPATEN KUNINGAN,PEREMPUAN,1,2018,PAUD,0,0.006
3209,KABUPATEN CIREBON,LAKI-LAKI,2,2018,SLTP,1,0.018
3209,KABUPATEN CIREBON,LAKI-LAKI,2,2018,SLTA,0,0.012
3209,KABUPATEN CIREBON,LAKI-LAKI,2,2018,PERGURUAN TINGGI,0,0.012
3209,KABUPATEN CIREBON,LAKI-LAKI,2,2018,TK,0,0.012
3209,KABUPATEN CIREBON,LAKI-LAKI,2,2018,PAUD,0,0.012
3209,KABUPATEN CIREBON,LAKI-LAKI,2,2018,,0,0.012
3209,KABUPATEN CIREBON,LAKI-LAKI,2,2018,TIDAK SEKOLAH,1,0.018
3209,KABUPATEN CIREBON,LAKI-LAKI,2,2018,SD,0,0.012
3209,KABUPATEN CIREBON,PEREMPUAN,13,2018,,1,0.082
3209,KABUPATEN CIREBON,PEREMPUAN,13,2018,TIDAK SEKOLAH,0,0.076
3209,KABUPATEN CIREBON,PEREMPUAN,13,2018,SD,5,0.106
3209,KABUPATEN CIREBON,PEREMPUAN,13,2018,SLTP,6,0.112
3209,KABUPATEN CIREBON,PEREMPUAN,13,2018,SLTA,2,0.088
3209,KABUPATEN CIREBON,PEREMPUAN,13,2018,PERGURUAN TINGGI,0,0.076
3209,KABUPATEN CIREBON,PEREMPUAN,13,2018,TK,1,0.082
3209,KABUPATEN CIREBON,PEREMPUAN,13,2018,PAUD,0,0.076
3210,KABUPATEN MAJALENGKA,LAKI-LAKI,0,2018,,0,0.0
3210,KABUPATEN MAJALENGKA,LAKI-LAKI,0,2018,TIDAK SEKOLAH,0,0.0
3210,KABUPATEN MAJALENGKA,LAKI-LAKI,0,2018,SD,0,0.0
3210,KABUPATEN MAJALENGKA,LAKI-LAKI,0,2018,SLTP,2,0.012
3210,KABUPATEN MAJALENGKA,LAKI-LAKI,0,2018,SLTA,1,0.006
3210,KABUPATEN MAJALENGKA,LAKI-LAKI,0,2018,PERGURUAN TINGGI,0,0.0
3210,KABUPATEN MAJALENGKA,LAKI-LAKI,0,2018,TK,0,0.0
3210,KABUPATEN MAJALENGKA,LAKI-LAKI,0,2018,PAUD,0,0.0
3210,KABUPATEN MAJALENGKA,PEREMPUAN,1,2018,,1,0.012
3210,KABUPATEN MAJALENGKA,PEREMPUAN,1,2018,TIDAK SEKOLAH,0,0.006
3210,KABUPATEN MAJALENGKA,PEREMPUAN,1,2018,SD,0,0.006
3210,KABUPATEN MAJALENGKA,PEREMPUAN,1,2018,SLTP,7,0.047
3210,KABUPATEN MAJALENGKA,PEREMPUAN,1,2018,SLTA,1,0.012
3210,KABUPATEN MAJALENGKA,PEREMPUAN,1,2018,PERGURUAN TINGGI,0,0.006
3210,KABUPATEN MAJALENGKA,PEREMPUAN,1,2018,TK,0,0.006
3210,KABUPATEN MAJALENGKA,PEREMPUAN,1,2018,PAUD,0,0.006
3211,KABUPATEN SUMEDANG,LAKI-LAKI,0,2018,,1,0.006
3211,KABUPATEN SUMEDANG,LAKI-LAKI,0,2018,TIDAK SEKOLAH,0,0.0
3211,KABUPATEN SUMEDANG,LAKI-LAKI,0,2018,SD,1,0.006
3211,KABUPATEN SUMEDANG,LAKI-LAKI,0,2018,SLTP,0,0.0
3211,KABUPATEN SUMEDANG,LAKI-LAKI,0,2018,SLTA,0,0.0
3211,KABUPATEN SUMEDANG,LAKI-LAKI,0,2018,PERGURUAN TINGGI,0,0.0
3211,KABUPATEN SUMEDANG,LAKI-LAKI,0,2018,TK,0,0.0
3211,KABUPATEN SUMEDANG,LAKI-LAKI,0,2018,PAUD,0,0.0
3211,KABUPATEN SUMEDANG,PEREMPUAN,6,2018,,9,0.088
3211,KABUPATEN SUMEDANG,PEREMPUAN,6,2018,TIDAK SEKOLAH,0,0.035
3211,KABUPATEN SUMEDANG,PEREMPUAN,6,2018,SD,0,0.035
3211,KABUPATEN SUMEDANG,PEREMPUAN,6,2018,SLTP,0,0.035
3211,KABUPATEN SUMEDANG,PEREMPUAN,6,2018,SLTA,2,0.047
3211,KABUPATEN SUMEDANG,PEREMPUAN,6,2018,PERGURUAN TINGGI,1,0.041
3211,KABUPATEN SUMEDANG,PEREMPUAN,6,2018,TK,0,0.035
3211,KABUPATEN SUMEDANG,PEREMPUAN,6,2018,PAUD,0,0.035
3212,KABUPATEN INDRAMAYU,LAKI-LAKI,0,2018,,0,0.0
3212,KABUPATEN INDRAMAYU,LAKI-LAKI,0,2018,TIDAK SEKOLAH,0,0.0
3212,KABUPATEN INDRAMAYU,LAKI-LAKI,0,2018,SD,1,0.006
3212,KABUPATEN INDRAMAYU,LAKI-LAKI,0,2018,SLTP,0,0.0
3212,KABUPATEN INDRAMAYU,LAKI-LAKI,0,2018,SLTA,0,0.0
3212,KABUPATEN INDRAMAYU,LAKI-LAKI,0,2018,PERGURUAN TINGGI,0,0.0
3212,KABUPATEN INDRAMAYU,LAKI-LAKI,0,2018,TK,0,0.0
3212,KABUPATEN INDRAMAYU,LAKI-LAKI,0,2018,PAUD,0,0.0
3212,KABUPATEN INDRAMAYU,PEREMPUAN,2,2018,,0,0.012
3212,KABUPATEN INDRAMAYU,PEREMPUAN,2,2018,TIDAK SEKOLAH,0,0.012
3212,KABUPATEN INDRAMAYU,PEREMPUAN,2,2018,SD,1,0.018
3212,KABUPATEN INDRAMAYU,PEREMPUAN,2,2018,SLTP,0,0.012
3212,KABUPATEN INDRAMAYU,PEREMPUAN,2,2018,SLTA,2,0.023
3212,KABUPATEN INDRAMAYU,PEREMPUAN,2,2018,PERGURUAN TINGGI,0,0.012
3212,KABUPATEN INDRAMAYU,PEREMPUAN,2,2018,TK,1,0.018
3212,KABUPATEN INDRAMAYU,PEREMPUAN,2,2018,PAUD,0,0.012
3213,KABUPATEN SUBANG,LAKI-LAKI,0,2018,,0,0.0
3213,KABUPATEN SUBANG,LAKI-LAKI,0,2018,TIDAK SEKOLAH,0,0.0
3213,KABUPATEN SUBANG,LAKI-LAKI,0,2018,SD,4,0.023
3213,KABUPATEN SUBANG,LAKI-LAKI,0,2018,SLTP,3,0.018
3213,KABUPATEN SUBANG,LAKI-LAKI,0,2018,SLTA,2,0.012
3213,KABUPATEN SUBANG,LAKI-LAKI,0,2018,PERGURUAN TINGGI,0,0.0
3213,KABUPATEN SUBANG,LAKI-LAKI,0,2018,TK,0,0.0
3213,KABUPATEN SUBANG,LAKI-LAKI,0,2018,PAUD,0,0.0
3213,KABUPATEN SUBANG,PEREMPUAN,10,2018,,0,0.059
3213,KABUPATEN SUBANG,PEREMPUAN,10,2018,TIDAK SEKOLAH,0,0.059
3213,KABUPATEN SUBANG,PEREMPUAN,10,2018,SD,7,0.1
3213,KABUPATEN SUBANG,PEREMPUAN,10,2018,SLTP,11,0.123
3213,KABUPATEN SUBANG,PEREMPUAN,10,2018,SLTA,19,0.17
3213,KABUPATEN SUBANG,PEREMPUAN,10,2018,PERGURUAN TINGGI,1,0.065
3213,KABUPATEN SUBANG,PEREMPUAN,10,2018,TK,2,0.07
3213,KABUPATEN SUBANG,PEREMPUAN,10,2018,PAUD,0,0.059
3214,KABUPATEN PURWAKARTA,LAKI-LAKI,0,2018,,1,0.006
3214,KABUPATEN PURWAKARTA,LAKI-LAKI,0,2018,TIDAK SEKOLAH,0,0.0
3214,KABUPATEN PURWAKARTA,LAKI-LAKI,0,2018,SD,0,0.0
3214,KABUPATEN PURWAKARTA,LAKI-LAKI,0,2018,SLTP,0,0.0
3214,KABUPATEN PURWAKARTA,LAKI-LAKI,0,2018,SLTA,2,0.012
3214,KABUPATEN PURWAKARTA,LAKI-LAKI,0,2018,PERGURUAN TINGGI,0,0.0
3214,KABUPATEN PURWAKARTA,LAKI-LAKI,0,2018,TK,0,0.0
3214,KABUPATEN PURWAKARTA,LAKI-LAKI,0,2018,PAUD,0,0.0
3214,KABUPATEN PURWAKARTA,PEREMPUAN,0,2018,,10,0.059
3214,KABUPATEN PURWAKARTA,PEREMPUAN,0,2018,TIDAK SEKOLAH,0,0.0
3214,KABUPATEN PURWAKARTA,PEREMPUAN,0,2018,SD,1,0.006
3214,KABUPATEN PURWAKARTA,PEREMPUAN,0,2018,SLTP,0,0.0
3214,KABUPATEN PURWAKARTA,PEREMPUAN,0,2018,SLTA,3,0.018
3214,KABUPATEN PURWAKARTA,PEREMPUAN,0,2018,PERGURUAN TINGGI,0,0.0
3214,KABUPATEN PURWAKARTA,PEREMPUAN,0,2018,TK,0,0.0
3214,KABUPATEN PURWAKARTA,PEREMPUAN,0,2018,PAUD,0,0.0
3215,KABUPATEN KARAWANG,LAKI-LAKI,1,2018,,0,0.006
3215,KABUPATEN KARAWANG,LAKI-LAKI,1,2018,TIDAK SEKOLAH,0,0.006
3215,KABUPATEN KARAWANG,LAKI-LAKI,1,2018,SD,2,0.018
3215,KABUPATEN KARAWANG,LAKI-LAKI,1,2018,SLTP,0,0.006
3215,KABUPATEN KARAWANG,LAKI-LAKI,1,2018,SLTA,1,0.012
3215,KABUPATEN KARAWANG,LAKI-LAKI,1,2018,PERGURUAN TINGGI,1,0.012
3215,KABUPATEN KARAWANG,LAKI-LAKI,1,2018,TK,1,0.012
3215,KABUPATEN KARAWANG,LAKI-LAKI,1,2018,PAUD,0,0.006
3215,KABUPATEN KARAWANG,PEREMPUAN,9,2018,,1,0.059
3215,KABUPATEN KARAWANG,PEREMPUAN,9,2018,TIDAK SEKOLAH,1,0.059
3215,KABUPATEN KARAWANG,PEREMPUAN,9,2018,SD,3,0.07
3215,KABUPATEN KARAWANG,PEREMPUAN,9,2018,SLTP,4,0.076
3215,KABUPATEN KARAWANG,PEREMPUAN,9,2018,SLTA,9,0.106
3215,KABUPATEN KARAWANG,PEREMPUAN,9,2018,PERGURUAN TINGGI,3,0.07
3215,KABUPATEN KARAWANG,PEREMPUAN,9,2018,TK,1,0.059
3215,KABUPATEN KARAWANG,PEREMPUAN,9,2018,PAUD,0,0.053
3216,KABUPATEN BEKASI,LAKI-LAKI,1,2018,,1,0.012
3216,KABUPATEN BEKASI,LAKI-LAKI,1,2018,TIDAK SEKOLAH,0,0.006
3216,KABUPATEN BEKASI,LAKI-LAKI,1,2018,SD,1,0.012
3216,KABUPATEN BEKASI,LAKI-LAKI,1,2018,SLTP,0,0.006
3216,KABUPATEN BEKASI,LAKI-LAKI,1,2018,SLTA,0,0.006
3216,KABUPATEN BEKASI,LAKI-LAKI,1,2018,PERGURUAN TINGGI,1,0.012
3216,KABUPATEN BEKASI,LAKI-LAKI,1,2018,TK,0,0.006
3216,KABUPATEN BEKASI,LAKI-LAKI,1,2018,PAUD,0,0.006
3216,KABUPATEN BEKASI,PEREMPUAN,1,2018,,0,0.006
3216,KABUPATEN BEKASI,PEREMPUAN,1,2018,TIDAK SEKOLAH,0,0.006
3216,KABUPATEN BEKASI,PEREMPUAN,1,2018,SD,0,0.006
3216,KABUPATEN BEKASI,PEREMPUAN,1,2018,SLTP,1,0.012
3216,KABUPATEN BEKASI,PEREMPUAN,1,2018,SLTA,1,0.012
3216,KABUPATEN BEKASI,PEREMPUAN,1,2018,PERGURUAN TINGGI,0,0.006
3216,KABUPATEN BEKASI,PEREMPUAN,1,2018,TK,0,0.006
3216,KABUPATEN BEKASI,PEREMPUAN,1,2018,PAUD,0,0.006
3217,KABUPATEN BANDUNG BARAT,LAKI-LAKI,4,2018,,1,0.029
3217,KABUPATEN BANDUNG BARAT,LAKI-LAKI,4,2018,TIDAK SEKOLAH,0,0.023
3217,KABUPATEN BANDUNG BARAT,LAKI-LAKI,4,2018,SD,3,0.041
3217,KABUPATEN BANDUNG BARAT,LAKI-LAKI,4,2018,SLTP,0,0.023
3217,KABUPATEN BANDUNG BARAT,LAKI-LAKI,4,2018,SLTA,0,0.023
3217,KABUPATEN BANDUNG BARAT,LAKI-LAKI,4,2018,PERGURUAN TINGGI,0,0.023
3217,KABUPATEN BANDUNG BARAT,LAKI-LAKI,4,2018,TK,0,0.023
3217,KABUPATEN BANDUNG BARAT,LAKI-LAKI,4,2018,PAUD,0,0.023
3217,KABUPATEN BANDUNG BARAT,PEREMPUAN,10,2018,,0,0.059
3217,KABUPATEN BANDUNG BARAT,PEREMPUAN,10,2018,TIDAK SEKOLAH,0,0.059
3217,KABUPATEN BANDUNG BARAT,PEREMPUAN,10,2018,SD,3,0.076
3217,KABUPATEN BANDUNG BARAT,PEREMPUAN,10,2018,SLTP,1,0.065
3217,KABUPATEN BANDUNG BARAT,PEREMPUAN,10,2018,SLTA,5,0.088
3217,KABUPATEN BANDUNG BARAT,PEREMPUAN,10,2018,PERGURUAN TINGGI,0,0.059
3217,KABUPATEN BANDUNG BARAT,PEREMPUAN,10,2018,TK,1,0.065
3217,KABUPATEN BANDUNG BARAT,PEREMPUAN,10,2018,PAUD,1,0.065
3218,KABUPATEN PANGANDARAN,LAKI-LAKI,0,2018,,0,0.0
3218,KABUPATEN PANGANDARAN,LAKI-LAKI,0,2018,TIDAK SEKOLAH,0,0.0
3218,KABUPATEN PANGANDARAN,LAKI-LAKI,0,2018,SD,0,0.0
3218,KABUPATEN PANGANDARAN,LAKI-LAKI,0,2018,SLTP,0,0.0
3218,KABUPATEN PANGANDARAN,LAKI-LAKI,0,2018,SLTA,0,0.0
3218,KABUPATEN PANGANDARAN,LAKI-LAKI,0,2018,PERGURUAN TINGGI,0,0.0
3218,KABUPATEN PANGANDARAN,LAKI-LAKI,0,2018,TK,0,0.0
3218,KABUPATEN PANGANDARAN,LAKI-LAKI,0,2018,PAUD,0,0.0
3218,KABUPATEN PANGANDARAN,PEREMPUAN,2,2018,,1,0.018
3218,KABUPATEN PANGANDARAN,PEREMPUAN,2,2018,TIDAK SEKOLAH,0,0.012
3218,KABUPATEN PANGANDARAN,PEREMPUAN,2,2018,SD,2,0.023
3218,KABUPATEN PANGANDARAN,PEREMPUAN,2,2018,SLTP,0,0.012
3218,KABUPATEN PANGANDARAN,PEREMPUAN,2,2018,SLTA,0,0.012
3218,KABUPATEN PANGANDARAN,PEREMPUAN,2,2018,PERGURUAN TINGGI,0,0.012
3218,KABUPATEN PANGANDARAN,PEREMPUAN,2,2018,TK,0,0.012
3218,KABUPATEN PANGANDARAN,PEREMPUAN,2,2018,PAUD,0,0.012
3271,KOTA BOGOR,LAKI-LAKI,0,2018,,0,0.0
3271,KOTA BOGOR,LAKI-LAKI,0,2018,TIDAK SEKOLAH,0,0.0
3271,KOTA BOGOR,LAKI-LAKI,0,2018,SD,0,0.0
3271,KOTA BOGOR,LAKI-LAKI,0,2018,SLTP,2,0.012
3271,KOTA BOGOR,LAKI-LAKI,0,2018,SLTA,0,0.0
3271,KOTA BOGOR,LAKI-LAKI,0,2018,PERGURUAN TINGGI,0,0.0
3271,KOTA BOGOR,LAKI-LAKI,0,2018,TK,0,0.0
3271,KOTA BOGOR,LAKI-LAKI,0,2018,PAUD,0,0.0
3271,KOTA BOGOR,PEREMPUAN,1,2018,,1,0.012
3271,KOTA BOGOR,PEREMPUAN,1,2018,TIDAK SEKOLAH,0,0.006
3271,KOTA BOGOR,PEREMPUAN,1,2018,SD,4,0.029
3271,KOTA BOGOR,PEREMPUAN,1,2018,SLTP,1,0.012
3271,KOTA BOGOR,PEREMPUAN,1,2018,SLTA,4,0.029
3271,KOTA BOGOR,PEREMPUAN,1,2018,PERGURUAN TINGGI,1,0.012
3271,KOTA BOGOR,PEREMPUAN,1,2018,TK,0,0.006
3271,KOTA BOGOR,PEREMPUAN,1,2018,PAUD,0,0.006
3272,KOTA SUKABUMI,LAKI-LAKI,1,2018,,2,0.018
3272,KOTA SUKABUMI,LAKI-LAKI,1,2018,TIDAK SEKOLAH,0,0.006
3272,KOTA SUKABUMI,LAKI-LAKI,1,2018,SD,8,0.053
3272,KOTA SUKABUMI,LAKI-LAKI,1,2018,SLTP,2,0.018
3272,KOTA SUKABUMI,LAKI-LAKI,1,2018,SLTA,0,0.006
3272,KOTA SUKABUMI,LAKI-LAKI,1,2018,PERGURUAN TINGGI,0,0.006
3272,KOTA SUKABUMI,LAKI-LAKI,1,2018,TK,0,0.006
3272,KOTA SUKABUMI,LAKI-LAKI,1,2018,PAUD,0,0.006
3272,KOTA SUKABUMI,PEREMPUAN,7,2018,,2,0.053
3272,KOTA SUKABUMI,PEREMPUAN,7,2018,TIDAK SEKOLAH,0,0.041
3272,KOTA SUKABUMI,PEREMPUAN,7,2018,SD,3,0.059
3272,KOTA SUKABUMI,PEREMPUAN,7,2018,SLTP,7,0.082
3272,KOTA SUKABUMI,PEREMPUAN,7,2018,SLTA,5,0.07
3272,KOTA SUKABUMI,PEREMPUAN,7,2018,PERGURUAN TINGGI,0,0.041
3272,KOTA SUKABUMI,PEREMPUAN,7,2018,TK,0,0.041
3272,KOTA SUKABUMI,PEREMPUAN,7,2018,PAUD,0,0.041
3273,KOTA BANDUNG,LAKI-LAKI,4,2018,,0,0.023
3273,KOTA BANDUNG,LAKI-LAKI,4,2018,TIDAK SEKOLAH,1,0.029
3273,KOTA BANDUNG,LAKI-LAKI,4,2018,SD,5,0.053
3273,KOTA BANDUNG,LAKI-LAKI,4,2018,SLTP,1,0.029
3273,KOTA BANDUNG,LAKI-LAKI,4,2018,SLTA,1,0.029
3273,KOTA BANDUNG,LAKI-LAKI,4,2018,PERGURUAN TINGGI,1,0.029
3273,KOTA BANDUNG,LAKI-LAKI,4,2018,TK,1,0.029
3273,KOTA BANDUNG,LAKI-LAKI,4,2018,PAUD,0,0.023
3273,KOTA BANDUNG,PEREMPUAN,23,2018,,0,0.135
3273,KOTA BANDUNG,PEREMPUAN,23,2018,TIDAK SEKOLAH,2,0.147
3273,KOTA BANDUNG,PEREMPUAN,23,2018,SD,7,0.176
3273,KOTA BANDUNG,PEREMPUAN,23,2018,SLTP,5,0.164
3273,KOTA BANDUNG,PEREMPUAN,23,2018,SLTA,14,0.217
3273,KOTA BANDUNG,PEREMPUAN,23,2018,PERGURUAN TINGGI,6,0.17
3273,KOTA BANDUNG,PEREMPUAN,23,2018,TK,1,0.141
3273,KOTA BANDUNG,PEREMPUAN,23,2018,PAUD,0,0.135
3274,KOTA CIREBON,LAKI-LAKI,0,2018,,0,0.0
3274,KOTA CIREBON,LAKI-LAKI,0,2018,TIDAK SEKOLAH,0,0.0
3274,KOTA CIREBON,LAKI-LAKI,0,2018,SD,7,0.041
3274,KOTA CIREBON,LAKI-LAKI,0,2018,SLTP,1,0.006
3274,KOTA CIREBON,LAKI-LAKI,0,2018,SLTA,0,0.0
3274,KOTA CIREBON,LAKI-LAKI,0,2018,PERGURUAN TINGGI,0,0.0
3274,KOTA CIREBON,LAKI-LAKI,0,2018,TK,0,0.0
3274,KOTA CIREBON,LAKI-LAKI,0,2018,PAUD,0,0.0
3274,KOTA CIREBON,PEREMPUAN,0,2018,,0,0.0
3274,KOTA CIREBON,PEREMPUAN,0,2018,TIDAK SEKOLAH,0,0.0
3274,KOTA CIREBON,PEREMPUAN,0,2018,SD,0,0.0
3274,KOTA CIREBON,PEREMPUAN,0,2018,SLTP,0,0.0
3274,KOTA CIREBON,PEREMPUAN,0,2018,SLTA,0,0.0
3274,KOTA CIREBON,PEREMPUAN,0,2018,PERGURUAN TINGGI,0,0.0
3274,KOTA CIREBON,PEREMPUAN,0,2018,TK,0,0.0
3274,KOTA CIREBON,PEREMPUAN,0,2018,PAUD,0,0.0
3275,KOTA BEKASI,LAKI-LAKI,0,2018,,0,0.0
3275,KOTA BEKASI,LAKI-LAKI,0,2018,TIDAK SEKOLAH,0,0.0
3275,KOTA BEKASI,LAKI-LAKI,0,2018,SD,1,0.006
3275,KOTA BEKASI,LAKI-LAKI,0,2018,SLTP,0,0.0
3275,KOTA BEKASI,LAKI-LAKI,0,2018,SLTA,0,0.0
3275,KOTA BEKASI,LAKI-LAKI,0,2018,PERGURUAN TINGGI,0,0.0
3275,KOTA BEKASI,LAKI-LAKI,0,2018,TK,0,0.0
3275,KOTA BEKASI,LAKI-LAKI,0,2018,PAUD,0,0.0
3275,KOTA BEKASI,PEREMPUAN,1,2018,,0,0.006
3275,KOTA BEKASI,PEREMPUAN,1,2018,TIDAK SEKOLAH,0,0.006
3275,KOTA BEKASI,PEREMPUAN,1,2018,SD,0,0.006
3275,KOTA BEKASI,PEREMPUAN,1,2018,SLTP,0,0.006
3275,KOTA BEKASI,PEREMPUAN,1,2018,SLTA,2,0.018
3275,KOTA BEKASI,PEREMPUAN,1,2018,PERGURUAN TINGGI,0,0.006
3275,KOTA BEKASI,PEREMPUAN,1,2018,TK,0,0.006
3275,KOTA BEKASI,PEREMPUAN,1,2018,PAUD,0,0.006
3276,KOTA DEPOK,LAKI-LAKI,0,2018,,1,0.006
3276,KOTA DEPOK,LAKI-LAKI,0,2018,TIDAK SEKOLAH,0,0.0
3276,KOTA DEPOK,LAKI-LAKI,0,2018,SD,1,0.006
3276,KOTA DEPOK,LAKI-LAKI,0,2018,SLTP,0,0.0
3276,KOTA DEPOK,LAKI-LAKI,0,2018,SLTA,1,0.006
3276,KOTA DEPOK,LAKI-LAKI,0,2018,PERGURUAN TINGGI,0,0.0
3276,KOTA DEPOK,LAKI-LAKI,0,2018,TK,0,0.0
3276,KOTA DEPOK,LAKI-LAKI,0,2018,PAUD,0,0.0
3276,KOTA DEPOK,PEREMPUAN,3,2018,,0,0.018
3276,KOTA DEPOK,PEREMPUAN,3,2018,TIDAK SEKOLAH,0,0.018
3276,KOTA DEPOK,PEREMPUAN,3,2018,SD,0,0.018
3276,KOTA DEPOK,PEREMPUAN,3,2018,SLTP,2,0.029
3276,KOTA DEPOK,PEREMPUAN,3,2018,SLTA,3,0.035
3276,KOTA DEPOK,PEREMPUAN,3,2018,PERGURUAN TINGGI,1,0.023
3276,KOTA DEPOK,PEREMPUAN,3,2018,TK,0,0.018
3276,KOTA DEPOK,PEREMPUAN,3,2018,PAUD,0,0.018
3277,KOTA CIMAHI,LAKI-LAKI,0,2018,,0,0.0
3277,KOTA CIMAHI,LAKI-LAKI,0,2018,TIDAK SEKOLAH,0,0.0
3277,KOTA CIMAHI,LAKI-LAKI,0,2018,SD,1,0.006
3277,KOTA CIMAHI,LAKI-LAKI,0,2018,SLTP,3,0.018
3277,KOTA CIMAHI,LAKI-LAKI,0,2018,SLTA,0,0.0
3277,KOTA CIMAHI,LAKI-LAKI,0,2018,PERGURUAN TINGGI,0,0.0
3277,KOTA CIMAHI,LAKI-LAKI,0,2018,TK,0,0.0
3277,KOTA CIMAHI,LAKI-LAKI,0,2018,PAUD,0,0.0
3277,KOTA CIMAHI,PEREMPUAN,5,2018,,0,0.029
3277,KOTA CIMAHI,PEREMPUAN,5,2018,TIDAK SEKOLAH,0,0.029
3277,KOTA CIMAHI,PEREMPUAN,5,2018,SD,4,0.053
3277,KOTA CIMAHI,PEREMPUAN,5,2018,SLTP,3,0.047
3277,KOTA CIMAHI,PEREMPUAN,5,2018,SLTA,5,0.059
3277,KOTA CIMAHI,PEREMPUAN,5,2018,PERGURUAN TINGGI,0,0.029
3277,KOTA CIMAHI,PEREMPUAN,5,2018,TK,0,0.029
3277,KOTA CIMAHI,PEREMPUAN,5,2018,PAUD,0,0.029
3278,KOTA TASIKMALAYA,LAKI-LAKI,1,2018,,1,0.012
3278,KOTA TASIKMALAYA,LAKI-LAKI,1,2018,TIDAK SEKOLAH,0,0.006
3278,KOTA TASIKMALAYA,LAKI-LAKI,1,2018,SD,0,0.006
3278,KOTA TASIKMALAYA,LAKI-LAKI,1,2018,SLTP,1,0.012
3278,KOTA TASIKMALAYA,LAKI-LAKI,1,2018,SLTA,0,0.006
3278,KOTA TASIKMALAYA,LAKI-LAKI,1,2018,PERGURUAN TINGGI,0,0.006
3278,KOTA TASIKMALAYA,LAKI-LAKI,1,2018,TK,0,0.006
3278,KOTA TASIKMALAYA,LAKI-LAKI,1,2018,PAUD,0,0.006
3278,KOTA TASIKMALAYA,PEREMPUAN,3,2018,,0,0.018
3278,KOTA TASIKMALAYA,PEREMPUAN,3,2018,TIDAK SEKOLAH,0,0.018
3278,KOTA TASIKMALAYA,PEREMPUAN,3,2018,SD,3,0.035
3278,KOTA TASIKMALAYA,PEREMPUAN,3,2018,SLTP,1,0.023
3278,KOTA TASIKMALAYA,PEREMPUAN,3,2018,SLTA,2,0.029
3278,KOTA TASIKMALAYA,PEREMPUAN,3,2018,PERGURUAN TINGGI,2,0.029
3278,KOTA TASIKMALAYA,PEREMPUAN,3,2018,TK,0,0.018
3278,KOTA TASIKMALAYA,PEREMPUAN,3,2018,PAUD,0,0.018
3279,KOTA BANJAR,LAKI-LAKI,1,2018,,1,0.012
3279,KOTA BANJAR,LAKI-LAKI,1,2018,TIDAK SEKOLAH,0,0.006
3279,KOTA BANJAR,LAKI-LAKI,1,2018,SD,1,0.012
3279,KOTA BANJAR,LAKI-LAKI,1,2018,SLTP,4,0.029
3279,KOTA BANJAR,LAKI-LAKI,1,2018,SLTA,0,0.006
3279,KOTA BANJAR,LAKI-LAKI,1,2018,PERGURUAN TINGGI,0,0.006
3279,KOTA BANJAR,LAKI-LAKI,1,2018,TK,0,0.006
3279,KOTA BANJAR,LAKI-LAKI,1,2018,PAUD,0,0.006
3279,KOTA BANJAR,PEREMPUAN,1,2018,,2,0.018
3279,KOTA BANJAR,PEREMPUAN,1,2018,TIDAK SEKOLAH,0,0.006
3279,KOTA BANJAR,PEREMPUAN,1,2018,SD,0,0.006
3279,KOTA BANJAR,PEREMPUAN,1,2018,SLTP,5,0.035
3279,KOTA BANJAR,PEREMPUAN,1,2018,SLTA,2,0.018
3279,KOTA BANJAR,PEREMPUAN,1,2018,PERGURUAN TINGGI,0,0.006
3279,KOTA BANJAR,PEREMPUAN,1,2018,TK,0,0.006
3279,KOTA BANJAR,PEREMPUAN,1,2018,PAUD,0,0.006
3201,KABUPATEN BOGOR,LAKI-LAKI,0,2019,,0,0.0
3201,KABUPATEN BOGOR,LAKI-LAKI,0,2019,TIDAK SEKOLAH,1,0.006
3201,KABUPATEN BOGOR,LAKI-LAKI,0,2019,SD,0,0.0
3201,KABUPATEN BOGOR,LAKI-LAKI,0,2019,SLTP,0,0.0
3201,KABUPATEN BOGOR,LAKI-LAKI,0,2019,SLTA,0,0.0
3201,KABUPATEN BOGOR,LAKI-LAKI,0,2019,PERGURUAN TINGGI,0,0.0
3201,KABUPATEN BOGOR,LAKI-LAKI,0,2019,TK,0,0.0
3201,KABUPATEN BOGOR,LAKI-LAKI,0,2019,PAUD,0,0.0
3201,KABUPATEN BOGOR,PEREMPUAN,6,2019,,7,0.076
3201,KABUPATEN BOGOR,PEREMPUAN,6,2019,TIDAK SEKOLAH,1,0.041
3201,KABUPATEN BOGOR,PEREMPUAN,6,2019,SD,3,0.053
3201,KABUPATEN BOGOR,PEREMPUAN,6,2019,SLTP,0,0.035
3201,KABUPATEN BOGOR,PEREMPUAN,6,2019,SLTA,2,0.047
3201,KABUPATEN BOGOR,PEREMPUAN,6,2019,PERGURUAN TINGGI,0,0.035
3201,KABUPATEN BOGOR,PEREMPUAN,6,2019,TK,0,0.035
3201,KABUPATEN BOGOR,PEREMPUAN,6,2019,PAUD,0,0.035
3202,KABUPATEN SUKABUMI,LAKI-LAKI,0,2019,,2,0.012
3202,KABUPATEN SUKABUMI,LAKI-LAKI,0,2019,TIDAK SEKOLAH,0,0.0
3202,KABUPATEN SUKABUMI,LAKI-LAKI,0,2019,SD,6,0.035
3202,KABUPATEN SUKABUMI,LAKI-LAKI,0,2019,SLTP,6,0.035
3202,KABUPATEN SUKABUMI,LAKI-LAKI,0,2019,SLTA,7,0.041
3202,KABUPATEN SUKABUMI,LAKI-LAKI,0,2019,PERGURUAN TINGGI,0,0.0
3202,KABUPATEN SUKABUMI,LAKI-LAKI,0,2019,TK,0,0.0
3202,KABUPATEN SUKABUMI,LAKI-LAKI,0,2019,PAUD,0,0.0
3202,KABUPATEN SUKABUMI,PEREMPUAN,18,2019,,41,0.347
3202,KABUPATEN SUKABUMI,PEREMPUAN,18,2019,TIDAK SEKOLAH,10,0.164
3202,KABUPATEN SUKABUMI,PEREMPUAN,18,2019,SD,19,0.217
3202,KABUPATEN SUKABUMI,PEREMPUAN,18,2019,SLTP,25,0.253
3202,KABUPATEN SUKABUMI,PEREMPUAN,18,2019,SLTA,20,0.223
3202,KABUPATEN SUKABUMI,PEREMPUAN,18,2019,PERGURUAN TINGGI,2,0.117
3202,KABUPATEN SUKABUMI,PEREMPUAN,18,2019,TK,0,0.106
3202,KABUPATEN SUKABUMI,PEREMPUAN,18,2019,PAUD,0,0.106
3203,KABUPATEN CIANJUR,LAKI-LAKI,0,2019,,0,0.0
3203,KABUPATEN CIANJUR,LAKI-LAKI,0,2019,TIDAK SEKOLAH,0,0.0
3203,KABUPATEN CIANJUR,LAKI-LAKI,0,2019,SD,0,0.0
3203,KABUPATEN CIANJUR,LAKI-LAKI,0,2019,SLTP,0,0.0
3203,KABUPATEN CIANJUR,LAKI-LAKI,0,2019,SLTA,0,0.0
3203,KABUPATEN CIANJUR,LAKI-LAKI,0,2019,PERGURUAN TINGGI,0,0.0
3203,KABUPATEN CIANJUR,LAKI-LAKI,0,2019,TK,0,0.0
3203,KABUPATEN CIANJUR,LAKI-LAKI,0,2019,PAUD,0,0.0
3203,KABUPATEN CIANJUR,PEREMPUAN,0,2019,,0,0.0
3203,KABUPATEN CIANJUR,PEREMPUAN,0,2019,TIDAK SEKOLAH,0,0.0
3203,KABUPATEN CIANJUR,PEREMPUAN,0,2019,SD,0,0.0
3203,KABUPATEN CIANJUR,PEREMPUAN,0,2019,SLTP,2,0.012
3203,KABUPATEN CIANJUR,PEREMPUAN,0,2019,SLTA,1,0.006
3203,KABUPATEN CIANJUR,PEREMPUAN,0,2019,PERGURUAN TINGGI,0,0.0
3203,KABUPATEN CIANJUR,PEREMPUAN,0,2019,TK,0,0.0
3203,KABUPATEN CIANJUR,PEREMPUAN,0,2019,PAUD,0,0.0
3204,KABUPATEN BANDUNG,LAKI-LAKI,7,2019,,1,0.047
3204,KABUPATEN BANDUNG,LAKI-LAKI,7,2019,TIDAK SEKOLAH,2,0.053
3204,KABUPATEN BANDUNG,LAKI-LAKI,7,2019,SD,11,0.106
3204,KABUPATEN BANDUNG,LAKI-LAKI,7,2019,SLTP,14,0.123
3204,KABUPATEN BANDUNG,LAKI-LAKI,7,2019,SLTA,5,0.07
3204,KABUPATEN BANDUNG,LAKI-LAKI,7,2019,PERGURUAN TINGGI,0,0.041
3204,KABUPATEN BANDUNG,LAKI-LAKI,7,2019,TK,0,0.041
3204,KABUPATEN BANDUNG,LAKI-LAKI,7,2019,PAUD,0,0.041
3204,KABUPATEN BANDUNG,PEREMPUAN,15,2019,,2,0.1
3204,KABUPATEN BANDUNG,PEREMPUAN,15,2019,TIDAK SEKOLAH,8,0.135
3204,KABUPATEN BANDUNG,PEREMPUAN,15,2019,SD,14,0.17
3204,KABUPATEN BANDUNG,PEREMPUAN,15,2019,SLTP,26,0.241
3204,KABUPATEN BANDUNG,PEREMPUAN,15,2019,SLTA,10,0.147
3204,KABUPATEN BANDUNG,PEREMPUAN,15,2019,PERGURUAN TINGGI,2,0.1
3204,KABUPATEN BANDUNG,PEREMPUAN,15,2019,TK,0,0.088
3204,KABUPATEN BANDUNG,PEREMPUAN,15,2019,PAUD,1,0.094
3205,KABUPATEN GARUT,LAKI-LAKI,1,2019,,0,0.006
3205,KABUPATEN GARUT,LAKI-LAKI,1,2019,TIDAK SEKOLAH,0,0.006
3205,KABUPATEN GARUT,LAKI-LAKI,1,2019,SD,0,0.006
3205,KABUPATEN GARUT,LAKI-LAKI,1,2019,SLTP,0,0.006
3205,KABUPATEN GARUT,LAKI-LAKI,1,2019,SLTA,1,0.012
3205,KABUPATEN GARUT,LAKI-LAKI,1,2019,PERGURUAN TINGGI,0,0.006
3205,KABUPATEN GARUT,LAKI-LAKI,1,2019,TK,0,0.006
3205,KABUPATEN GARUT,LAKI-LAKI,1,2019,PAUD,0,0.006
3205,KABUPATEN GARUT,PEREMPUAN,5,2019,,2,0.041
3205,KABUPATEN GARUT,PEREMPUAN,5,2019,TIDAK SEKOLAH,1,0.035
3205,KABUPATEN GARUT,PEREMPUAN,5,2019,SD,3,0.047
3205,KABUPATEN GARUT,PEREMPUAN,5,2019,SLTP,3,0.047
3205,KABUPATEN GARUT,PEREMPUAN,5,2019,SLTA,2,0.041
3205,KABUPATEN GARUT,PEREMPUAN,5,2019,PERGURUAN TINGGI,0,0.029
3205,KABUPATEN GARUT,PEREMPUAN,5,2019,TK,0,0.029
3205,KABUPATEN GARUT,PEREMPUAN,5,2019,PAUD,0,0.029
3206,KABUPATEN TASIKMALAYA,LAKI-LAKI,0,2019,,0,0.0
3206,KABUPATEN TASIKMALAYA,LAKI-LAKI,0,2019,TIDAK SEKOLAH,0,0.0
3206,KABUPATEN TASIKMALAYA,LAKI-LAKI,0,2019,SD,2,0.012
3206,KABUPATEN TASIKMALAYA,LAKI-LAKI,0,2019,SLTP,0,0.0
3206,KABUPATEN TASIKMALAYA,LAKI-LAKI,0,2019,SLTA,0,0.0
3206,KABUPATEN TASIKMALAYA,LAKI-LAKI,0,2019,PERGURUAN TINGGI,0,0.0
3206,KABUPATEN TASIKMALAYA,LAKI-LAKI,0,2019,TK,0,0.0
3206,KABUPATEN TASIKMALAYA,LAKI-LAKI,0,2019,PAUD,0,0.0
3206,KABUPATEN TASIKMALAYA,PEREMPUAN,0,2019,,0,0.0
3206,KABUPATEN TASIKMALAYA,PEREMPUAN,0,2019,TIDAK SEKOLAH,0,0.0
3206,KABUPATEN TASIKMALAYA,PEREMPUAN,0,2019,SD,0,0.0
3206,KABUPATEN TASIKMALAYA,PEREMPUAN,0,2019,SLTP,1,0.006
3206,KABUPATEN TASIKMALAYA,PEREMPUAN,0,2019,SLTA,1,0.006
3206,KABUPATEN TASIKMALAYA,PEREMPUAN,0,2019,PERGURUAN TINGGI,0,0.0
3206,KABUPATEN TASIKMALAYA,PEREMPUAN,0,2019,TK,0,0.0
3206,KABUPATEN TASIKMALAYA,PEREMPUAN,0,2019,PAUD,0,0.0
3207,KABUPATEN CIAMIS,LAKI-LAKI,1,2019,,1,0.012
3207,KABUPATEN CIAMIS,LAKI-LAKI,1,2019,TIDAK SEKOLAH,0,0.006
3207,KABUPATEN CIAMIS,LAKI-LAKI,1,2019,SD,1,0.012
3207,KABUPATEN CIAMIS,LAKI-LAKI,1,2019,SLTP,1,0.012
3207,KABUPATEN CIAMIS,LAKI-LAKI,1,2019,SLTA,0,0.006
3207,KABUPATEN CIAMIS,LAKI-LAKI,1,2019,PERGURUAN TINGGI,0,0.006
3207,KABUPATEN CIAMIS,LAKI-LAKI,1,2019,TK,0,0.006
3207,KABUPATEN CIAMIS,LAKI-LAKI,1,2019,PAUD,0,0.006
3207,KABUPATEN CIAMIS,PEREMPUAN,1,2019,,0,0.006
3207,KABUPATEN CIAMIS,PEREMPUAN,1,2019,TIDAK SEKOLAH,0,0.006
3207,KABUPATEN CIAMIS,PEREMPUAN,1,2019,SD,0,0.006
3207,KABUPATEN CIAMIS,PEREMPUAN,1,2019,SLTP,1,0.012
3207,KABUPATEN CIAMIS,PEREMPUAN,1,2019,SLTA,0,0.006
3207,KABUPATEN CIAMIS,PEREMPUAN,1,2019,PERGURUAN TINGGI,1,0.012
3207,KABUPATEN CIAMIS,PEREMPUAN,1,2019,TK,0,0.006
3207,KABUPATEN CIAMIS,PEREMPUAN,1,2019,PAUD,0,0.006
3208,KABUPATEN KUNINGAN,LAKI-LAKI,1,2019,,0,0.006
3208,KABUPATEN KUNINGAN,LAKI-LAKI,1,2019,TIDAK SEKOLAH,0,0.006
3208,KABUPATEN KUNINGAN,LAKI-LAKI,1,2019,SD,0,0.006
3208,KABUPATEN KUNINGAN,LAKI-LAKI,1,2019,SLTP,1,0.012
3208,KABUPATEN KUNINGAN,LAKI-LAKI,1,2019,SLTA,0,0.006
3208,KABUPATEN KUNINGAN,LAKI-LAKI,1,2019,PERGURUAN TINGGI,0,0.006
3208,KABUPATEN KUNINGAN,LAKI-LAKI,1,2019,TK,0,0.006
3208,KABUPATEN KUNINGAN,LAKI-LAKI,1,2019,PAUD,1,0.012
3208,KABUPATEN KUNINGAN,PEREMPUAN,1,2019,,1,0.012
3208,KABUPATEN KUNINGAN,PEREMPUAN,1,2019,TIDAK SEKOLAH,0,0.006
3208,KABUPATEN KUNINGAN,PEREMPUAN,1,2019,SD,0,0.006
3208,KABUPATEN KUNINGAN,PEREMPUAN,1,2019,SLTP,0,0.006
3208,KABUPATEN KUNINGAN,PEREMPUAN,1,2019,SLTA,0,0.006
3208,KABUPATEN KUNINGAN,PEREMPUAN,1,2019,PERGURUAN TINGGI,0,0.006
3208,KABUPATEN KUNINGAN,PEREMPUAN,1,2019,TK,0,0.006
3208,KABUPATEN KUNINGAN,PEREMPUAN,1,2019,PAUD,0,0.006
3209,KABUPATEN CIREBON,LAKI-LAKI,1,2019,,5,0.035
3209,KABUPATEN CIREBON,LAKI-LAKI,1,2019,TIDAK SEKOLAH,0,0.006
3209,KABUPATEN CIREBON,LAKI-LAKI,1,2019,SD,20,0.123
3209,KABUPATEN CIREBON,LAKI-LAKI,1,2019,SLTP,3,0.023
3209,KABUPATEN CIREBON,LAKI-LAKI,1,2019,SLTA,7,0.047
3209,KABUPATEN CIREBON,LAKI-LAKI,1,2019,PERGURUAN TINGGI,0,0.006
3209,KABUPATEN CIREBON,LAKI-LAKI,1,2019,TK,1,0.012
3209,KABUPATEN CIREBON,LAKI-LAKI,1,2019,PAUD,1,0.012
3209,KABUPATEN CIREBON,PEREMPUAN,28,2019,,12,0.235
3209,KABUPATEN CIREBON,PEREMPUAN,28,2019,TIDAK SEKOLAH,1,0.17
3209,KABUPATEN CIREBON,PEREMPUAN,28,2019,SD,13,0.241
3209,KABUPATEN CIREBON,PEREMPUAN,28,2019,SLTP,15,0.253
3209,KABUPATEN CIREBON,PEREMPUAN,28,2019,SLTA,11,0.229
3209,KABUPATEN CIREBON,PEREMPUAN,28,2019,PERGURUAN TINGGI,2,0.176
3209,KABUPATEN CIREBON,PEREMPUAN,28,2019,TK,0,0.164
3209,KABUPATEN CIREBON,PEREMPUAN,28,2019,PAUD,0,0.164
3210,KABUPATEN MAJALENGKA,LAKI-LAKI,3,2019,,0,0.018
3210,KABUPATEN MAJALENGKA,LAKI-LAKI,3,2019,TIDAK SEKOLAH,0,0.018
3210,KABUPATEN MAJALENGKA,LAKI-LAKI,3,2019,SD,1,0.023
3210,KABUPATEN MAJALENGKA,LAKI-LAKI,3,2019,SLTP,3,0.035
3210,KABUPATEN MAJALENGKA,LAKI-LAKI,3,2019,SLTA,1,0.023
3210,KABUPATEN MAJALENGKA,LAKI-LAKI,3,2019,PERGURUAN TINGGI,0,0.018
3210,KABUPATEN MAJALENGKA,LAKI-LAKI,3,2019,TK,0,0.018
3210,KABUPATEN MAJALENGKA,LAKI-LAKI,3,2019,PAUD,0,0.018
3210,KABUPATEN MAJALENGKA,PEREMPUAN,7,2019,,1,0.047
3210,KABUPATEN MAJALENGKA,PEREMPUAN,7,2019,TIDAK SEKOLAH,0,0.041
3210,KABUPATEN MAJALENGKA,PEREMPUAN,7,2019,SD,2,0.053
3210,KABUPATEN MAJALENGKA,PEREMPUAN,7,2019,SLTP,4,0.065
3210,KABUPATEN MAJALENGKA,PEREMPUAN,7,2019,SLTA,2,0.053
3210,KABUPATEN MAJALENGKA,PEREMPUAN,7,2019,PERGURUAN TINGGI,0,0.041
3210,KABUPATEN MAJALENGKA,PEREMPUAN,7,2019,TK,2,0.053
3210,KABUPATEN MAJALENGKA,PEREMPUAN,7,2019,PAUD,0,0.041
3211,KABUPATEN SUMEDANG,LAKI-LAKI,0,2019,,1,0.006
3211,KABUPATEN SUMEDANG,LAKI-LAKI,0,2019,TIDAK SEKOLAH,0,0.0
3211,KABUPATEN SUMEDANG,LAKI-LAKI,0,2019,SD,0,0.0
3211,KABUPATEN SUMEDANG,LAKI-LAKI,0,2019,SLTP,0,0.0
3211,KABUPATEN SUMEDANG,LAKI-LAKI,0,2019,SLTA,0,0.0
3211,KABUPATEN SUMEDANG,LAKI-LAKI,0,2019,PERGURUAN TINGGI,0,0.0
3211,KABUPATEN SUMEDANG,LAKI-LAKI,0,2019,TK,0,0.0
3211,KABUPATEN SUMEDANG,LAKI-LAKI,0,2019,PAUD,0,0.0
3211,KABUPATEN SUMEDANG,PEREMPUAN,3,2019,,14,0.1
3211,KABUPATEN SUMEDANG,PEREMPUAN,3,2019,TIDAK SEKOLAH,0,0.018
3211,KABUPATEN SUMEDANG,PEREMPUAN,3,2019,SD,1,0.023
3211,KABUPATEN SUMEDANG,PEREMPUAN,3,2019,SLTP,0,0.018
3211,KABUPATEN SUMEDANG,PEREMPUAN,3,2019,SLTA,0,0.018
3211,KABUPATEN SUMEDANG,PEREMPUAN,3,2019,PERGURUAN TINGGI,0,0.018
3211,KABUPATEN SUMEDANG,PEREMPUAN,3,2019,TK,0,0.018
3211,KABUPATEN SUMEDANG,PEREMPUAN,3,2019,PAUD,0,0.018
3212,KABUPATEN INDRAMAYU,LAKI-LAKI,1,2019,,3,0.023
3212,KABUPATEN INDRAMAYU,LAKI-LAKI,1,2019,TIDAK SEKOLAH,0,0.006
3212,KABUPATEN INDRAMAYU,LAKI-LAKI,1,2019,SD,2,0.018
3212,KABUPATEN INDRAMAYU,LAKI-LAKI,1,2019,SLTP,1,0.012
3212,KABUPATEN INDRAMAYU,LAKI-LAKI,1,2019,SLTA,1,0.012
3212,KABUPATEN INDRAMAYU,LAKI-LAKI,1,2019,PERGURUAN TINGGI,0,0.006
3212,KABUPATEN INDRAMAYU,LAKI-LAKI,1,2019,TK,0,0.006
3212,KABUPATEN INDRAMAYU,LAKI-LAKI,1,2019,PAUD,0,0.006
3212,KABUPATEN INDRAMAYU,PEREMPUAN,0,2019,,2,0.012
3212,KABUPATEN INDRAMAYU,PEREMPUAN,0,2019,TIDAK SEKOLAH,0,0.0
3212,KABUPATEN INDRAMAYU,PEREMPUAN,0,2019,SD,8,0.047
3212,KABUPATEN INDRAMAYU,PEREMPUAN,0,2019,SLTP,6,0.035
3212,KABUPATEN INDRAMAYU,PEREMPUAN,0,2019,SLTA,5,0.029
3212,KABUPATEN INDRAMAYU,PEREMPUAN,0,2019,PERGURUAN TINGGI,0,0.0
3212,KABUPATEN INDRAMAYU,PEREMPUAN,0,2019,TK,0,0.0
3212,KABUPATEN INDRAMAYU,PEREMPUAN,0,2019,PAUD,0,0.0
3213,KABUPATEN SUBANG,LAKI-LAKI,0,2019,,0,0.0
3213,KABUPATEN SUBANG,LAKI-LAKI,0,2019,TIDAK SEKOLAH,0,0.0
3213,KABUPATEN SUBANG,LAKI-LAKI,0,2019,SD,1,0.006
3213,KABUPATEN SUBANG,LAKI-LAKI,0,2019,SLTP,0,0.0
3213,KABUPATEN SUBANG,LAKI-LAKI,0,2019,SLTA,0,0.0
3213,KABUPATEN SUBANG,LAKI-LAKI,0,2019,PERGURUAN TINGGI,0,0.0
3213,KABUPATEN SUBANG,LAKI-LAKI,0,2019,TK,0,0.0
3213,KABUPATEN SUBANG,LAKI-LAKI,0,2019,PAUD,0,0.0
3213,KABUPATEN SUBANG,PEREMPUAN,6,2019,,0,0.035
3213,KABUPATEN SUBANG,PEREMPUAN,6,2019,TIDAK SEKOLAH,0,0.035
3213,KABUPATEN SUBANG,PEREMPUAN,6,2019,SD,0,0.035
3213,KABUPATEN SUBANG,PEREMPUAN,6,2019,SLTP,4,0.059
3213,KABUPATEN SUBANG,PEREMPUAN,6,2019,SLTA,12,0.106
3213,KABUPATEN SUBANG,PEREMPUAN,6,2019,PERGURUAN TINGGI,0,0.035
3213,KABUPATEN SUBANG,PEREMPUAN,6,2019,TK,0,0.035
3213,KABUPATEN SUBANG,PEREMPUAN,6,2019,PAUD,0,0.035
3214,KABUPATEN PURWAKARTA,LAKI-LAKI,1,2019,,2,0.018
3214,KABUPATEN PURWAKARTA,LAKI-LAKI,1,2019,TIDAK SEKOLAH,0,0.006
3214,KABUPATEN PURWAKARTA,LAKI-LAKI,1,2019,SD,1,0.012
3214,KABUPATEN PURWAKARTA,LAKI-LAKI,1,2019,SLTP,0,0.006
3214,KABUPATEN PURWAKARTA,LAKI-LAKI,1,2019,SLTA,3,0.023
3214,KABUPATEN PURWAKARTA,LAKI-LAKI,1,2019,PERGURUAN TINGGI,2,0.018
3214,KABUPATEN PURWAKARTA,LAKI-LAKI,1,2019,TK,0,0.006
3214,KABUPATEN PURWAKARTA,LAKI-LAKI,1,2019,PAUD,0,0.006
3214,KABUPATEN PURWAKARTA,PEREMPUAN,9,2019,,17,0.153
3214,KABUPATEN PURWAKARTA,PEREMPUAN,9,2019,TIDAK SEKOLAH,1,0.059
3214,KABUPATEN PURWAKARTA,PEREMPUAN,9,2019,SD,1,0.059
3214,KABUPATEN PURWAKARTA,PEREMPUAN,9,2019,SLTP,6,0.088
3214,KABUPATEN PURWAKARTA,PEREMPUAN,9,2019,SLTA,2,0.065
3214,KABUPATEN PURWAKARTA,PEREMPUAN,9,2019,PERGURUAN TINGGI,0,0.053
3214,KABUPATEN PURWAKARTA,PEREMPUAN,9,2019,TK,0,0.053
3214,KABUPATEN PURWAKARTA,PEREMPUAN,9,2019,PAUD,0,0.053
3215,KABUPATEN KARAWANG,LAKI-LAKI,0,2019,,0,0.0
3215,KABUPATEN KARAWANG,LAKI-LAKI,0,2019,TIDAK SEKOLAH,0,0.0
3215,KABUPATEN KARAWANG,LAKI-LAKI,0,2019,SD,0,0.0
3215,KABUPATEN KARAWANG,LAKI-LAKI,0,2019,SLTP,0,0.0
3215,KABUPATEN KARAWANG,LAKI-LAKI,0,2019,SLTA,0,0.0
3215,KABUPATEN KARAWANG,LAKI-LAKI,0,2019,PERGURUAN TINGGI,0,0.0
3215,KABUPATEN KARAWANG,LAKI-LAKI,0,2019,TK,0,0.0
3215,KABUPATEN KARAWANG,LAKI-LAKI,0,2019,PAUD,0,0.0
3215,KABUPATEN KARAWANG,PEREMPUAN,2,2019,,0,0.012
3215,KABUPATEN KARAWANG,PEREMPUAN,2,2019,TIDAK SEKOLAH,0,0.012
3215,KABUPATEN KARAWANG,PEREMPUAN,2,2019,SD,0,0.012
3215,KABUPATEN KARAWANG,PEREMPUAN,2,2019,SLTP,0,0.012
3215,KABUPATEN KARAWANG,PEREMPUAN,2,2019,SLTA,0,0.012
3215,KABUPATEN KARAWANG,PEREMPUAN,2,2019,PERGURUAN TINGGI,2,0.023
3215,KABUPATEN KARAWANG,PEREMPUAN,2,2019,TK,0,0.012
3215,KABUPATEN KARAWANG,PEREMPUAN,2,2019,PAUD,0,0.012
3216,KABUPATEN BEKASI,LAKI-LAKI,1,2019,,0,0.006
3216,KABUPATEN BEKASI,LAKI-LAKI,1,2019,TIDAK SEKOLAH,0,0.006
3216,KABUPATEN BEKASI,LAKI-LAKI,1,2019,SD,1,0.012
3216,KABUPATEN BEKASI,LAKI-LAKI,1,2019,SLTP,0,0.006
3216,KABUPATEN BEKASI,LAKI-LAKI,1,2019,SLTA,0,0.006
3216,KABUPATEN BEKASI,LAKI-LAKI,1,2019,PERGURUAN TINGGI,0,0.006
3216,KABUPATEN BEKASI,LAKI-LAKI,1,2019,TK,1,0.012
3216,KABUPATEN BEKASI,LAKI-LAKI,1,2019,PAUD,0,0.006
3216,KABUPATEN BEKASI,PEREMPUAN,5,2019,,1,0.035
3216,KABUPATEN BEKASI,PEREMPUAN,5,2019,TIDAK SEKOLAH,0,0.029
3216,KABUPATEN BEKASI,PEREMPUAN,5,2019,SD,2,0.041
3216,KABUPATEN BEKASI,PEREMPUAN,5,2019,SLTP,2,0.041
3216,KABUPATEN BEKASI,PEREMPUAN,5,2019,SLTA,0,0.029
3216,KABUPATEN BEKASI,PEREMPUAN,5,2019,PERGURUAN TINGGI,1,0.035
3216,KABUPATEN BEKASI,PEREMPUAN,5,2019,TK,0,0.029
3216,KABUPATEN BEKASI,PEREMPUAN,5,2019,PAUD,0,0.029
3217,KABUPATEN BANDUNG BARAT,LAKI-LAKI,1,2019,,0,0.006
3217,KABUPATEN BANDUNG BARAT,LAKI-LAKI,1,2019,TIDAK SEKOLAH,0,0.006
3217,KABUPATEN BANDUNG BARAT,LAKI-LAKI,1,2019,SD,1,0.012
3217,KABUPATEN BANDUNG BARAT,LAKI-LAKI,1,2019,SLTP,0,0.006
3217,KABUPATEN BANDUNG BARAT,LAKI-LAKI,1,2019,SLTA,0,0.006
3217,KABUPATEN BANDUNG BARAT,LAKI-LAKI,1,2019,PERGURUAN TINGGI,0,0.006
3217,KABUPATEN BANDUNG BARAT,LAKI-LAKI,1,2019,TK,1,0.012
3217,KABUPATEN BANDUNG BARAT,LAKI-LAKI,1,2019,PAUD,0,0.006
3217,KABUPATEN BANDUNG BARAT,PEREMPUAN,8,2019,,3,0.065
3217,KABUPATEN BANDUNG BARAT,PEREMPUAN,8,2019,TIDAK SEKOLAH,0,0.047
3217,KABUPATEN BANDUNG BARAT,PEREMPUAN,8,2019,SD,2,0.059
3217,KABUPATEN BANDUNG BARAT,PEREMPUAN,8,2019,SLTP,6,0.082
3217,KABUPATEN BANDUNG BARAT,PEREMPUAN,8,2019,SLTA,3,0.065
3217,KABUPATEN BANDUNG BARAT,PEREMPUAN,8,2019,PERGURUAN TINGGI,2,0.059
3217,KABUPATEN BANDUNG BARAT,PEREMPUAN,8,2019,TK,0,0.047
3217,KABUPATEN BANDUNG BARAT,PEREMPUAN,8,2019,PAUD,3,0.065
3218,KABUPATEN PANGANDARAN,LAKI-LAKI,0,2019,,0,0.0
3218,KABUPATEN PANGANDARAN,LAKI-LAKI,0,2019,TIDAK SEKOLAH,0,0.0
3218,KABUPATEN PANGANDARAN,LAKI-LAKI,0,2019,SD,4,0.023
3218,KABUPATEN PANGANDARAN,LAKI-LAKI,0,2019,SLTP,0,0.0
3218,KABUPATEN PANGANDARAN,LAKI-LAKI,0,2019,SLTA,0,0.0
3218,KABUPATEN PANGANDARAN,LAKI-LAKI,0,2019,PERGURUAN TINGGI,0,0.0
3218,KABUPATEN PANGANDARAN,LAKI-LAKI,0,2019,TK,0,0.0
3218,KABUPATEN PANGANDARAN,LAKI-LAKI,0,2019,PAUD,0,0.0
3218,KABUPATEN PANGANDARAN,PEREMPUAN,2,2019,,0,0.012
3218,KABUPATEN PANGANDARAN,PEREMPUAN,2,2019,TIDAK SEKOLAH,1,0.018
3218,KABUPATEN PANGANDARAN,PEREMPUAN,2,2019,SD,0,0.012
3218,KABUPATEN PANGANDARAN,PEREMPUAN,2,2019,SLTP,2,0.023
3218,KABUPATEN PANGANDARAN,PEREMPUAN,2,2019,SLTA,2,0.023
3218,KABUPATEN PANGANDARAN,PEREMPUAN,2,2019,PERGURUAN TINGGI,0,0.012
3218,KABUPATEN PANGANDARAN,PEREMPUAN,2,2019,TK,0,0.012
3218,KABUPATEN PANGANDARAN,PEREMPUAN,2,2019,PAUD,1,0.018
3271,KOTA BOGOR,LAKI-LAKI,4,2019,,0,0.023
3271,KOTA BOGOR,LAKI-LAKI,4,2019,TIDAK SEKOLAH,0,0.023
3271,KOTA BOGOR,LAKI-LAKI,4,2019,SD,2,0.035
3271,KOTA BOGOR,LAKI-LAKI,4,2019,SLTP,2,0.035
3271,KOTA BOGOR,LAKI-LAKI,4,2019,SLTA,2,0.035
3271,KOTA BOGOR,LAKI-LAKI,4,2019,PERGURUAN TINGGI,0,0.023
3271,KOTA BOGOR,LAKI-LAKI,4,2019,TK,0,0.023
3271,KOTA BOGOR,LAKI-LAKI,4,2019,PAUD,0,0.023
3271,KOTA BOGOR,PEREMPUAN,25,2019,,15,0.235
3271,KOTA BOGOR,PEREMPUAN,25,2019,TIDAK SEKOLAH,0,0.147
3271,KOTA BOGOR,PEREMPUAN,25,2019,SD,3,0.164
3271,KOTA BOGOR,PEREMPUAN,25,2019,SLTP,4,0.17
3271,KOTA BOGOR,PEREMPUAN,25,2019,SLTA,6,0.182
3271,KOTA BOGOR,PEREMPUAN,25,2019,PERGURUAN TINGGI,0,0.147
3271,KOTA BOGOR,PEREMPUAN,25,2019,TK,0,0.147
3271,KOTA BOGOR,PEREMPUAN,25,2019,PAUD,1,0.153
3272,KOTA SUKABUMI,PEREMPUAN,2,2019,,1,0.018
3272,KOTA SUKABUMI,PEREMPUAN,2,2019,TIDAK SEKOLAH,0,0.012
3272,KOTA SUKABUMI,PEREMPUAN,2,2019,SD,0,0.012
3272,KOTA SUKABUMI,PEREMPUAN,2,2019,SLTP,1,0.018
3272,KOTA SUKABUMI,PEREMPUAN,2,2019,SLTA,2,0.023
3272,KOTA SUKABUMI,PEREMPUAN,2,2019,PERGURUAN TINGGI,1,0.018
3272,KOTA SUKABUMI,PEREMPUAN,2,2019,TK,0,0.012
3272,KOTA SUKABUMI,PEREMPUAN,2,2019,PAUD,0,0.012
3273,KOTA BANDUNG,LAKI-LAKI,14,2019,,4,0.106
3273,KOTA BANDUNG,LAKI-LAKI,14,2019,TIDAK SEKOLAH,4,0.106
3273,KOTA BANDUNG,LAKI-LAKI,14,2019,SD,52,0.388
3273,KOTA BANDUNG,LAKI-LAKI,14,2019,SLTP,25,0.229
3273,KOTA BANDUNG,LAKI-LAKI,14,2019,SLTA,20,0.2
3273,KOTA BANDUNG,LAKI-LAKI,14,2019,PERGURUAN TINGGI,7,0.123
3273,KOTA BANDUNG,LAKI-LAKI,14,2019,TK,3,0.1
3273,KOTA BANDUNG,LAKI-LAKI,14,2019,PAUD,2,0.094
3273,KOTA BANDUNG,PEREMPUAN,99,2019,,9,0.634
3273,KOTA BANDUNG,PEREMPUAN,99,2019,TIDAK SEKOLAH,10,0.64
3273,KOTA BANDUNG,PEREMPUAN,99,2019,SD,23,0.717
3273,KOTA BANDUNG,PEREMPUAN,99,2019,SLTP,33,0.775
3273,KOTA BANDUNG,PEREMPUAN,99,2019,SLTA,61,0.94
3273,KOTA BANDUNG,PEREMPUAN,99,2019,PERGURUAN TINGGI,58,0.922
3273,KOTA BANDUNG,PEREMPUAN,99,2019,TK,3,0.599
3273,KOTA BANDUNG,PEREMPUAN,99,2019,PAUD,0,0.581
3274,KOTA CIREBON,LAKI-LAKI,0,2019,,0,0.0
3274,KOTA CIREBON,LAKI-LAKI,0,2019,TIDAK SEKOLAH,0,0.0
3274,KOTA CIREBON,LAKI-LAKI,0,2019,SD,1,0.006
3274,KOTA CIREBON,LAKI-LAKI,0,2019,SLTP,1,0.006
3274,KOTA CIREBON,LAKI-LAKI,0,2019,SLTA,0,0.0
3274,KOTA CIREBON,LAKI-LAKI,0,2019,PERGURUAN TINGGI,0,0.0
3274,KOTA CIREBON,LAKI-LAKI,0,2019,TK,0,0.0
3274,KOTA CIREBON,LAKI-LAKI,0,2019,PAUD,0,0.0
3274,KOTA CIREBON,PEREMPUAN,1,2019,,0,0.006
3274,KOTA CIREBON,PEREMPUAN,1,2019,TIDAK SEKOLAH,0,0.006
3274,KOTA CIREBON,PEREMPUAN,1,2019,SD,1,0.012
3274,KOTA CIREBON,PEREMPUAN,1,2019,SLTP,1,0.012
3274,KOTA CIREBON,PEREMPUAN,1,2019,SLTA,1,0.012
3274,KOTA CIREBON,PEREMPUAN,1,2019,PERGURUAN TINGGI,0,0.006
3274,KOTA CIREBON,PEREMPUAN,1,2019,TK,0,0.006
3274,KOTA CIREBON,PEREMPUAN,1,2019,PAUD,0,0.006
3275,KOTA BEKASI,LAKI-LAKI,0,2019,,0,0.0
3275,KOTA BEKASI,LAKI-LAKI,0,2019,TIDAK SEKOLAH,0,0.0
3275,KOTA BEKASI,LAKI-LAKI,0,2019,SD,0,0.0
3275,KOTA BEKASI,LAKI-LAKI,0,2019,SLTP,0,0.0
3275,KOTA BEKASI,LAKI-LAKI,0,2019,SLTA,0,0.0
3275,KOTA BEKASI,LAKI-LAKI,0,2019,PERGURUAN TINGGI,0,0.0
3275,KOTA BEKASI,LAKI-LAKI,0,2019,TK,0,0.0
3275,KOTA BEKASI,LAKI-LAKI,0,2019,PAUD,0,0.0
3275,KOTA BEKASI,PEREMPUAN,1,2019,,0,0.006
3275,KOTA BEKASI,PEREMPUAN,1,2019,TIDAK SEKOLAH,0,0.006
3275,KOTA BEKASI,PEREMPUAN,1,2019,SD,1,0.012
3275,KOTA BEKASI,PEREMPUAN,1,2019,SLTP,0,0.006
3275,KOTA BEKASI,PEREMPUAN,1,2019,SLTA,1,0.012
3275,KOTA BEKASI,PEREMPUAN,1,2019,PERGURUAN TINGGI,0,0.006
3275,KOTA BEKASI,PEREMPUAN,1,2019,TK,0,0.006
3275,KOTA BEKASI,PEREMPUAN,1,2019,PAUD,0,0.006
3276,KOTA DEPOK,LAKI-LAKI,5,2019,,3,0.047
3276,KOTA DEPOK,LAKI-LAKI,5,2019,TIDAK SEKOLAH,0,0.029
3276,KOTA DEPOK,LAKI-LAKI,5,2019,SD,0,0.029
3276,KOTA DEPOK,LAKI-LAKI,5,2019,SLTP,1,0.035
3276,KOTA DEPOK,LAKI-LAKI,5,2019,SLTA,2,0.041
3276,KOTA DEPOK,LAKI-LAKI,5,2019,PERGURUAN TINGGI,0,0.029
3276,KOTA DEPOK,LAKI-LAKI,5,2019,TK,0,0.029
3276,KOTA DEPOK,LAKI-LAKI,5,2019,PAUD,0,0.029
3276,KOTA DEPOK,LAKI-LAKI,0,2019,,3,0.018
3276,KOTA DEPOK,LAKI-LAKI,0,2019,TIDAK SEKOLAH,0,0.0
3276,KOTA DEPOK,LAKI-LAKI,0,2019,SD,0,0.0
3276,KOTA DEPOK,LAKI-LAKI,0,2019,SLTP,1,0.006
3276,KOTA DEPOK,LAKI-LAKI,0,2019,SLTA,2,0.012
3276,KOTA DEPOK,LAKI-LAKI,0,2019,PERGURUAN TINGGI,0,0.0
3276,KOTA DEPOK,LAKI-LAKI,0,2019,TK,0,0.0
3276,KOTA DEPOK,LAKI-LAKI,0,2019,PAUD,0,0.0
3276,KOTA DEPOK,PEREMPUAN,13,2019,,12,0.147
3276,KOTA DEPOK,PEREMPUAN,13,2019,TIDAK SEKOLAH,0,0.076
3276,KOTA DEPOK,PEREMPUAN,13,2019,SD,7,0.117
3276,KOTA DEPOK,PEREMPUAN,13,2019,SLTP,0,0.076
3276,KOTA DEPOK,PEREMPUAN,13,2019,SLTA,6,0.112
3276,KOTA DEPOK,PEREMPUAN,13,2019,PERGURUAN TINGGI,4,0.1
3276,KOTA DEPOK,PEREMPUAN,13,2019,TK,0,0.076
3276,KOTA DEPOK,PEREMPUAN,13,2019,PAUD,1,0.082
3277,KOTA CIMAHI,LAKI-LAKI,1,2019,,0,0.006
3277,KOTA CIMAHI,LAKI-LAKI,1,2019,TIDAK SEKOLAH,0,0.006
3277,KOTA CIMAHI,LAKI-LAKI,1,2019,SD,2,0.018
3277,KOTA CIMAHI,LAKI-LAKI,1,2019,SLTP,0,0.006
3277,KOTA CIMAHI,LAKI-LAKI,1,2019,SLTA,1,0.012
3277,KOTA CIMAHI,LAKI-LAKI,1,2019,PERGURUAN TINGGI,1,0.012
3277,KOTA CIMAHI,LAKI-LAKI,1,2019,TK,0,0.006
3277,KOTA CIMAHI,LAKI-LAKI,1,2019,PAUD,0,0.006
3277,KOTA CIMAHI,PEREMPUAN,4,2019,,0,0.023
3277,KOTA CIMAHI,PEREMPUAN,4,2019,TIDAK SEKOLAH,0,0.023
3277,KOTA CIMAHI,PEREMPUAN,4,2019,SD,1,0.029
3277,KOTA CIMAHI,PEREMPUAN,4,2019,SLTP,1,0.029
3277,KOTA CIMAHI,PEREMPUAN,4,2019,SLTA,3,0.041
3277,KOTA CIMAHI,PEREMPUAN,4,2019,PERGURUAN TINGGI,3,0.041
3277,KOTA CIMAHI,PEREMPUAN,4,2019,TK,0,0.023
3277,KOTA CIMAHI,PEREMPUAN,4,2019,PAUD,0,0.023
3278,KOTA TASIKMALAYA,LAKI-LAKI,2,2019,,0,0.012
3278,KOTA TASIKMALAYA,LAKI-LAKI,2,2019,TIDAK SEKOLAH,1,0.018
3278,KOTA TASIKMALAYA,LAKI-LAKI,2,2019,SD,1,0.018
3278,KOTA TASIKMALAYA,LAKI-LAKI,2,2019,SLTP,2,0.023
3278,KOTA TASIKMALAYA,LAKI-LAKI,2,2019,SLTA,0,0.012
3278,KOTA TASIKMALAYA,LAKI-LAKI,2,2019,PERGURUAN TINGGI,0,0.012
3278,KOTA TASIKMALAYA,LAKI-LAKI,2,2019,TK,0,0.012
3278,KOTA TASIKMALAYA,LAKI-LAKI,2,2019,PAUD,0,0.012
3278,KOTA TASIKMALAYA,PEREMPUAN,1,2019,,0,0.006
3278,KOTA TASIKMALAYA,PEREMPUAN,1,2019,TIDAK SEKOLAH,0,0.006
3278,KOTA TASIKMALAYA,PEREMPUAN,1,2019,SD,0,0.006
3278,KOTA TASIKMALAYA,PEREMPUAN,1,2019,SLTP,0,0.006
3278,KOTA TASIKMALAYA,PEREMPUAN,1,2019,SLTA,1,0.012
3278,KOTA TASIKMALAYA,PEREMPUAN,1,2019,PERGURUAN TINGGI,1,0.012
3278,KOTA TASIKMALAYA,PEREMPUAN,1,2019,TK,0,0.006
3278,KOTA TASIKMALAYA,PEREMPUAN,1,2019,PAUD,0,0.006
3279,KOTA BANJAR,LAKI-LAKI,0,2019,,0,0.0
3279,KOTA BANJAR,LAKI-LAKI,0,2019,TIDAK SEKOLAH,0,0.0
3279,KOTA BANJAR,LAKI-LAKI,0,2019,SD,0,0.0
3279,KOTA BANJAR,LAKI-LAKI,0,2019,SLTP,0,0.0
3279,KOTA BANJAR,LAKI-LAKI,0,2019,SLTA,0,0.0
3279,KOTA BANJAR,LAKI-LAKI,0,2019,PERGURUAN TINGGI,0,0.0
3279,KOTA BANJAR,LAKI-LAKI,0,2019,TK,0,0.0
3279,KOTA BANJAR,LAKI-LAKI,0,2019,PAUD,0,0.0
3279,KOTA BANJAR,PEREMPUAN,0,2019,,0,0.0
3279,KOTA BANJAR,PEREMPUAN,0,2019,TIDAK SEKOLAH,0,0.0
3279,KOTA BANJAR,PEREMPUAN,0,2019,SD,0,0.0
3279,KOTA BANJAR,PEREMPUAN,0,2019,SLTP,0,0.0
3279,KOTA BANJAR,PEREMPUAN,0,2019,SLTA,0,0.0
3279,KOTA BANJAR,PEREMPUAN,0,2019,PERGURUAN TINGGI,1,0.006
3279,KOTA BANJAR,PEREMPUAN,0,2019,TK,0,0.0
3279,KOTA BANJAR,PEREMPUAN,0,2019,PAUD,0,0.0
3201,KABUPATEN BOGOR,LAKI-LAKI,2,2020,,0,0.012
3201,KABUPATEN BOGOR,LAKI-LAKI,2,2020,TIDAK SEKOLAH,1,0.018
3201,KABUPATEN BOGOR,LAKI-LAKI,2,2020,SD,2,0.023
3201,KABUPATEN BOGOR,LAKI-LAKI,2,2020,SLTP,2,0.023
3201,KABUPATEN BOGOR,LAKI-LAKI,2,2020,SLTA,2,0.023
3201,KABUPATEN BOGOR,LAKI-LAKI,2,2020,PERGURUAN TINGGI,0,0.012
3201,KABUPATEN BOGOR,LAKI-LAKI,2,2020,TK,0,0.012
3201,KABUPATEN BOGOR,LAKI-LAKI,2,2020,PAUD,0,0.012
3201,KABUPATEN BOGOR,PEREMPUAN,7,2020,,2,0.053
3201,KABUPATEN BOGOR,PEREMPUAN,7,2020,TIDAK SEKOLAH,2,0.053
3201,KABUPATEN BOGOR,PEREMPUAN,7,2020,SD,0,0.041
3201,KABUPATEN BOGOR,PEREMPUAN,7,2020,SLTP,1,0.047
3201,KABUPATEN BOGOR,PEREMPUAN,7,2020,SLTA,4,0.065
3201,KABUPATEN BOGOR,PEREMPUAN,7,2020,PERGURUAN TINGGI,3,0.059
3201,KABUPATEN BOGOR,PEREMPUAN,7,2020,TK,0,0.041
3201,KABUPATEN BOGOR,PEREMPUAN,7,2020,PAUD,0,0.041
3202,KABUPATEN SUKABUMI,LAKI-LAKI,3,2020,,1,0.023
3202,KABUPATEN SUKABUMI,LAKI-LAKI,3,2020,TIDAK SEKOLAH,2,0.029
3202,KABUPATEN SUKABUMI,LAKI-LAKI,3,2020,SD,2,0.029
3202,KABUPATEN SUKABUMI,LAKI-LAKI,3,2020,SLTP,42,0.264
3202,KABUPATEN SUKABUMI,LAKI-LAKI,3,2020,SLTA,3,0.035
3202,KABUPATEN SUKABUMI,LAKI-LAKI,3,2020,PERGURUAN TINGGI,0,0.018
3202,KABUPATEN SUKABUMI,LAKI-LAKI,3,2020,TK,0,0.018
3202,KABUPATEN SUKABUMI,LAKI-LAKI,3,2020,PAUD,0,0.018
3202,KABUPATEN SUKABUMI,PEREMPUAN,16,2020,,9,0.147
3202,KABUPATEN SUKABUMI,PEREMPUAN,16,2020,TIDAK SEKOLAH,7,0.135
3202,KABUPATEN SUKABUMI,PEREMPUAN,16,2020,SD,44,0.352
3202,KABUPATEN SUKABUMI,PEREMPUAN,16,2020,SLTP,44,0.352
3202,KABUPATEN SUKABUMI,PEREMPUAN,16,2020,SLTA,25,0.241
3202,KABUPATEN SUKABUMI,PEREMPUAN,16,2020,PERGURUAN TINGGI,0,0.094
3202,KABUPATEN SUKABUMI,PEREMPUAN,16,2020,TK,1,0.1
3202,KABUPATEN SUKABUMI,PEREMPUAN,16,2020,PAUD,0,0.094
3203,KABUPATEN CIANJUR,LAKI-LAKI,0,2020,,0,0.0
3203,KABUPATEN CIANJUR,LAKI-LAKI,0,2020,TIDAK SEKOLAH,0,0.0
3203,KABUPATEN CIANJUR,LAKI-LAKI,0,2020,SD,0,0.0
3203,KABUPATEN CIANJUR,LAKI-LAKI,0,2020,SLTP,0,0.0
3203,KABUPATEN CIANJUR,LAKI-LAKI,0,2020,SLTA,0,0.0
3203,KABUPATEN CIANJUR,LAKI-LAKI,0,2020,PERGURUAN TINGGI,0,0.0
3203,KABUPATEN CIANJUR,LAKI-LAKI,0,2020,TK,0,0.0
3203,KABUPATEN CIANJUR,LAKI-LAKI,0,2020,PAUD,0,0.0
3203,KABUPATEN CIANJUR,PEREMPUAN,1,2020,,0,0.006
3203,KABUPATEN CIANJUR,PEREMPUAN,1,2020,TIDAK SEKOLAH,0,0.006
3203,KABUPATEN CIANJUR,PEREMPUAN,1,2020,SD,0,0.006
3203,KABUPATEN CIANJUR,PEREMPUAN,1,2020,SLTP,1,0.012
3203,KABUPATEN CIANJUR,PEREMPUAN,1,2020,SLTA,1,0.012
3203,KABUPATEN CIANJUR,PEREMPUAN,1,2020,PERGURUAN TINGGI,0,0.006
3203,KABUPATEN CIANJUR,PEREMPUAN,1,2020,TK,0,0.006
3203,KABUPATEN CIANJUR,PEREMPUAN,1,2020,PAUD,0,0.006
3204,KABUPATEN BANDUNG,LAKI-LAKI,4,2020,,2,0.035
3204,KABUPATEN BANDUNG,LAKI-LAKI,4,2020,TIDAK SEKOLAH,2,0.035
3204,KABUPATEN BANDUNG,LAKI-LAKI,4,2020,SD,8,0.07
3204,KABUPATEN BANDUNG,LAKI-LAKI,4,2020,SLTP,10,0.082
3204,KABUPATEN BANDUNG,LAKI-LAKI,4,2020,SLTA,3,0.041
3204,KABUPATEN BANDUNG,LAKI-LAKI,4,2020,PERGURUAN TINGGI,0,0.023
3204,KABUPATEN BANDUNG,LAKI-LAKI,4,2020,TK,0,0.023
3204,KABUPATEN BANDUNG,LAKI-LAKI,4,2020,PAUD,0,0.023
3204,KABUPATEN BANDUNG,PEREMPUAN,51,2020,,18,0.405
3204,KABUPATEN BANDUNG,PEREMPUAN,51,2020,TIDAK SEKOLAH,11,0.364
3204,KABUPATEN BANDUNG,PEREMPUAN,51,2020,SD,17,0.399
3204,KABUPATEN BANDUNG,PEREMPUAN,51,2020,SLTP,20,0.417
3204,KABUPATEN BANDUNG,PEREMPUAN,51,2020,SLTA,16,0.394
3204,KABUPATEN BANDUNG,PEREMPUAN,51,2020,PERGURUAN TINGGI,12,0.37
3204,KABUPATEN BANDUNG,PEREMPUAN,51,2020,TK,0,0.3
3204,KABUPATEN BANDUNG,PEREMPUAN,51,2020,PAUD,2,0.311
3205,KABUPATEN GARUT,LAKI-LAKI,0,2020,,0,0.0
3205,KABUPATEN GARUT,LAKI-LAKI,0,2020,TIDAK SEKOLAH,0,0.0
3205,KABUPATEN GARUT,LAKI-LAKI,0,2020,SD,0,0.0
3205,KABUPATEN GARUT,LAKI-LAKI,0,2020,SLTP,0,0.0
3205,KABUPATEN GARUT,LAKI-LAKI,0,2020,SLTA,0,0.0
3205,KABUPATEN GARUT,LAKI-LAKI,0,2020,PERGURUAN TINGGI,0,0.0
3205,KABUPATEN GARUT,LAKI-LAKI,0,2020,TK,0,0.0
3205,KABUPATEN GARUT,LAKI-LAKI,0,2020,PAUD,0,0.0
3205,KABUPATEN GARUT,PEREMPUAN,4,2020,,5,0.053
3205,KABUPATEN GARUT,PEREMPUAN,4,2020,TIDAK SEKOLAH,0,0.023
3205,KABUPATEN GARUT,PEREMPUAN,4,2020,SD,2,0.035
3205,KABUPATEN GARUT,PEREMPUAN,4,2020,SLTP,1,0.029
3205,KABUPATEN GARUT,PEREMPUAN,4,2020,SLTA,2,0.035
3205,KABUPATEN GARUT,PEREMPUAN,4,2020,PERGURUAN TINGGI,0,0.023
3205,KABUPATEN GARUT,PEREMPUAN,4,2020,TK,1,0.029
3205,KABUPATEN GARUT,PEREMPUAN,4,2020,PAUD,0,0.023
3206,KABUPATEN TASIKMALAYA,LAKI-LAKI,0,2020,,2,0.012
3206,KABUPATEN TASIKMALAYA,LAKI-LAKI,0,2020,TIDAK SEKOLAH,1,0.006
3206,KABUPATEN TASIKMALAYA,LAKI-LAKI,0,2020,SD,5,0.029
3206,KABUPATEN TASIKMALAYA,LAKI-LAKI,0,2020,SLTP,3,0.018
3206,KABUPATEN TASIKMALAYA,LAKI-LAKI,0,2020,SLTA,1,0.006
3206,KABUPATEN TASIKMALAYA,LAKI-LAKI,0,2020,PERGURUAN TINGGI,0,0.0
3206,KABUPATEN TASIKMALAYA,LAKI-LAKI,0,2020,TK,0,0.0
3206,KABUPATEN TASIKMALAYA,LAKI-LAKI,0,2020,PAUD,2,0.012
3206,KABUPATEN TASIKMALAYA,PEREMPUAN,0,2020,,11,0.065
3206,KABUPATEN TASIKMALAYA,PEREMPUAN,0,2020,TIDAK SEKOLAH,5,0.029
3206,KABUPATEN TASIKMALAYA,PEREMPUAN,0,2020,SD,11,0.065
3206,KABUPATEN TASIKMALAYA,PEREMPUAN,0,2020,SLTP,8,0.047
3206,KABUPATEN TASIKMALAYA,PEREMPUAN,0,2020,SLTA,7,0.041
3206,KABUPATEN TASIKMALAYA,PEREMPUAN,0,2020,PERGURUAN TINGGI,0,0.0
3206,KABUPATEN TASIKMALAYA,PEREMPUAN,0,2020,TK,2,0.012
3206,KABUPATEN TASIKMALAYA,PEREMPUAN,0,2020,PAUD,1,0.006
3207,KABUPATEN CIAMIS,LAKI-LAKI,1,2020,,1,0.012
3207,KABUPATEN CIAMIS,LAKI-LAKI,1,2020,TIDAK SEKOLAH,0,0.006
3207,KABUPATEN CIAMIS,LAKI-LAKI,1,2020,SD,2,0.018
3207,KABUPATEN CIAMIS,LAKI-LAKI,1,2020,SLTP,1,0.012
3207,KABUPATEN CIAMIS,LAKI-LAKI,1,2020,SLTA,0,0.006
3207,KABUPATEN CIAMIS,LAKI-LAKI,1,2020,PERGURUAN TINGGI,0,0.006
3207,KABUPATEN CIAMIS,LAKI-LAKI,1,2020,TK,0,0.006
3207,KABUPATEN CIAMIS,LAKI-LAKI,1,2020,PAUD,0,0.006
3207,KABUPATEN CIAMIS,PEREMPUAN,4,2020,,4,0.047
3207,KABUPATEN CIAMIS,PEREMPUAN,4,2020,TIDAK SEKOLAH,1,0.029
3207,KABUPATEN CIAMIS,PEREMPUAN,4,2020,SD,1,0.029
3207,KABUPATEN CIAMIS,PEREMPUAN,4,2020,SLTP,3,0.041
3207,KABUPATEN CIAMIS,PEREMPUAN,4,2020,SLTA,7,0.065
3207,KABUPATEN CIAMIS,PEREMPUAN,4,2020,PERGURUAN TINGGI,0,0.023
3207,KABUPATEN CIAMIS,PEREMPUAN,4,2020,TK,0,0.023
3207,KABUPATEN CIAMIS,PEREMPUAN,4,2020,PAUD,1,0.029
3208,KABUPATEN KUNINGAN,LAKI-LAKI,3,2020,,3,0.035
3208,KABUPATEN KUNINGAN,LAKI-LAKI,3,2020,TIDAK SEKOLAH,0,0.018
3208,KABUPATEN KUNINGAN,LAKI-LAKI,3,2020,SD,1,0.023
3208,KABUPATEN KUNINGAN,LAKI-LAKI,3,2020,SLTP,1,0.023
3208,KABUPATEN KUNINGAN,LAKI-LAKI,3,2020,SLTA,0,0.018
3208,KABUPATEN KUNINGAN,LAKI-LAKI,3,2020,PERGURUAN TINGGI,0,0.018
3208,KABUPATEN KUNINGAN,LAKI-LAKI,3,2020,TK,0,0.018
3208,KABUPATEN KUNINGAN,LAKI-LAKI,3,2020,PAUD,0,0.018
3208,KABUPATEN KUNINGAN,PEREMPUAN,3,2020,,2,0.029
3208,KABUPATEN KUNINGAN,PEREMPUAN,3,2020,TIDAK SEKOLAH,0,0.018
3208,KABUPATEN KUNINGAN,PEREMPUAN,3,2020,SD,2,0.029
3208,KABUPATEN KUNINGAN,PEREMPUAN,3,2020,SLTP,2,0.029
3208,KABUPATEN KUNINGAN,PEREMPUAN,3,2020,SLTA,0,0.018
3208,KABUPATEN KUNINGAN,PEREMPUAN,3,2020,PERGURUAN TINGGI,0,0.018
3208,KABUPATEN KUNINGAN,PEREMPUAN,3,2020,TK,0,0.018
3208,KABUPATEN KUNINGAN,PEREMPUAN,3,2020,PAUD,0,0.018
3209,KABUPATEN CIREBON,LAKI-LAKI,1,2020,,4,0.029
3209,KABUPATEN CIREBON,LAKI-LAKI,1,2020,TIDAK SEKOLAH,2,0.018
3209,KABUPATEN CIREBON,LAKI-LAKI,1,2020,SD,4,0.029
3209,KABUPATEN CIREBON,LAKI-LAKI,1,2020,SLTP,3,0.023
3209,KABUPATEN CIREBON,LAKI-LAKI,1,2020,SLTA,3,0.023
3209,KABUPATEN CIREBON,LAKI-LAKI,1,2020,PERGURUAN TINGGI,0,0.006
3209,KABUPATEN CIREBON,LAKI-LAKI,1,2020,TK,0,0.006
3209,KABUPATEN CIREBON,LAKI-LAKI,1,2020,PAUD,0,0.006
3209,KABUPATEN CIREBON,PEREMPUAN,14,2020,,13,0.159
3209,KABUPATEN CIREBON,PEREMPUAN,14,2020,TIDAK SEKOLAH,0,0.082
3209,KABUPATEN CIREBON,PEREMPUAN,14,2020,SD,7,0.123
3209,KABUPATEN CIREBON,PEREMPUAN,14,2020,SLTP,8,0.129
3209,KABUPATEN CIREBON,PEREMPUAN,14,2020,SLTA,13,0.159
3209,KABUPATEN CIREBON,PEREMPUAN,14,2020,PERGURUAN TINGGI,3,0.1
3209,KABUPATEN CIREBON,PEREMPUAN,14,2020,TK,2,0.094
3209,KABUPATEN CIREBON,PEREMPUAN,14,2020,PAUD,1,0.088
3210,KABUPATEN MAJALENGKA,LAKI-LAKI,1,2020,,2,0.018
3210,KABUPATEN MAJALENGKA,LAKI-LAKI,1,2020,TIDAK SEKOLAH,0,0.006
3210,KABUPATEN MAJALENGKA,LAKI-LAKI,1,2020,SD,0,0.006
3210,KABUPATEN MAJALENGKA,LAKI-LAKI,1,2020,SLTP,1,0.012
3210,KABUPATEN MAJALENGKA,LAKI-LAKI,1,2020,SLTA,0,0.006
3210,KABUPATEN MAJALENGKA,LAKI-LAKI,1,2020,PERGURUAN TINGGI,0,0.006
3210,KABUPATEN MAJALENGKA,LAKI-LAKI,1,2020,TK,0,0.006
3210,KABUPATEN MAJALENGKA,LAKI-LAKI,1,2020,PAUD,0,0.006
3210,KABUPATEN MAJALENGKA,PEREMPUAN,4,2020,,2,0.035
3210,KABUPATEN MAJALENGKA,PEREMPUAN,4,2020,TIDAK SEKOLAH,4,0.047
3210,KABUPATEN MAJALENGKA,PEREMPUAN,4,2020,SD,5,0.053
3210,KABUPATEN MAJALENGKA,PEREMPUAN,4,2020,SLTP,7,0.065
3210,KABUPATEN MAJALENGKA,PEREMPUAN,4,2020,SLTA,4,0.047
3210,KABUPATEN MAJALENGKA,PEREMPUAN,4,2020,PERGURUAN TINGGI,0,0.023
3210,KABUPATEN MAJALENGKA,PEREMPUAN,4,2020,TK,0,0.023
3210,KABUPATEN MAJALENGKA,PEREMPUAN,4,2020,PAUD,0,0.023
3211,KABUPATEN SUMEDANG,LAKI-LAKI,0,2020,,3,0.018
3211,KABUPATEN SUMEDANG,LAKI-LAKI,0,2020,TIDAK SEKOLAH,0,0.0
3211,KABUPATEN SUMEDANG,LAKI-LAKI,0,2020,SD,1,0.006
3211,KABUPATEN SUMEDANG,LAKI-LAKI,0,2020,SLTP,0,0.0
3211,KABUPATEN SUMEDANG,LAKI-LAKI,0,2020,SLTA,0,0.0
3211,KABUPATEN SUMEDANG,LAKI-LAKI,0,2020,PERGURUAN TINGGI,0,0.0
3211,KABUPATEN SUMEDANG,LAKI-LAKI,0,2020,TK,0,0.0
3211,KABUPATEN SUMEDANG,LAKI-LAKI,0,2020,PAUD,0,0.0
3211,KABUPATEN SUMEDANG,PEREMPUAN,5,2020,,11,0.094
3211,KABUPATEN SUMEDANG,PEREMPUAN,5,2020,TIDAK SEKOLAH,0,0.029
3211,KABUPATEN SUMEDANG,PEREMPUAN,5,2020,SD,0,0.029
3211,KABUPATEN SUMEDANG,PEREMPUAN,5,2020,SLTP,2,0.041
3211,KABUPATEN SUMEDANG,PEREMPUAN,5,2020,SLTA,1,0.035
3211,KABUPATEN SUMEDANG,PEREMPUAN,5,2020,PERGURUAN TINGGI,1,0.035
3211,KABUPATEN SUMEDANG,PEREMPUAN,5,2020,TK,0,0.029
3211,KABUPATEN SUMEDANG,PEREMPUAN,5,2020,PAUD,0,0.029
3212,KABUPATEN INDRAMAYU,LAKI-LAKI,1,2020,,1,0.012
3212,KABUPATEN INDRAMAYU,LAKI-LAKI,1,2020,TIDAK SEKOLAH,0,0.006
3212,KABUPATEN INDRAMAYU,LAKI-LAKI,1,2020,SD,0,0.006
3212,KABUPATEN INDRAMAYU,LAKI-LAKI,1,2020,SLTP,0,0.006
3212,KABUPATEN INDRAMAYU,LAKI-LAKI,1,2020,SLTA,0,0.006
3212,KABUPATEN INDRAMAYU,LAKI-LAKI,1,2020,PERGURUAN TINGGI,0,0.006
3212,KABUPATEN INDRAMAYU,LAKI-LAKI,1,2020,TK,0,0.006
3212,KABUPATEN INDRAMAYU,LAKI-LAKI,1,2020,PAUD,0,0.006
3212,KABUPATEN INDRAMAYU,PEREMPUAN,6,2020,,0,0.035
3212,KABUPATEN INDRAMAYU,PEREMPUAN,6,2020,TIDAK SEKOLAH,1,0.041
3212,KABUPATEN INDRAMAYU,PEREMPUAN,6,2020,SD,5,0.065
3212,KABUPATEN INDRAMAYU,PEREMPUAN,6,2020,SLTP,6,0.07
3212,KABUPATEN INDRAMAYU,PEREMPUAN,6,2020,SLTA,6,0.07
3212,KABUPATEN INDRAMAYU,PEREMPUAN,6,2020,PERGURUAN TINGGI,0,0.035
3212,KABUPATEN INDRAMAYU,PEREMPUAN,6,2020,TK,0,0.035
3212,KABUPATEN INDRAMAYU,PEREMPUAN,6,2020,PAUD,0,0.035
3213,KABUPATEN SUBANG,LAKI-LAKI,0,2020,,2,0.012
3213,KABUPATEN SUBANG,LAKI-LAKI,0,2020,TIDAK SEKOLAH,1,0.006
3213,KABUPATEN SUBANG,LAKI-LAKI,0,2020,SD,0,0.0
3213,KABUPATEN SUBANG,LAKI-LAKI,0,2020,SLTP,3,0.018
3213,KABUPATEN SUBANG,LAKI-LAKI,0,2020,SLTA,1,0.006
3213,KABUPATEN SUBANG,LAKI-LAKI,0,2020,PERGURUAN TINGGI,0,0.0
3213,KABUPATEN SUBANG,LAKI-LAKI,0,2020,TK,0,0.0
3213,KABUPATEN SUBANG,LAKI-LAKI,0,2020,PAUD,0,0.0
3213,KABUPATEN SUBANG,PEREMPUAN,9,2020,,15,0.141
3213,KABUPATEN SUBANG,PEREMPUAN,9,2020,TIDAK SEKOLAH,0,0.053
3213,KABUPATEN SUBANG,PEREMPUAN,9,2020,SD,2,0.065
3213,KABUPATEN SUBANG,PEREMPUAN,9,2020,SLTP,3,0.07
3213,KABUPATEN SUBANG,PEREMPUAN,9,2020,SLTA,2,0.065
3213,KABUPATEN SUBANG,PEREMPUAN,9,2020,PERGURUAN TINGGI,0,0.053
3213,KABUPATEN SUBANG,PEREMPUAN,9,2020,TK,0,0.053
3213,KABUPATEN SUBANG,PEREMPUAN,9,2020,PAUD,0,0.053
3214,KABUPATEN PURWAKARTA,LAKI-LAKI,0,2020,,6,0.035
3214,KABUPATEN PURWAKARTA,LAKI-LAKI,0,2020,TIDAK SEKOLAH,0,0.0
3214,KABUPATEN PURWAKARTA,LAKI-LAKI,0,2020,SD,1,0.006
3214,KABUPATEN PURWAKARTA,LAKI-LAKI,0,2020,SLTP,0,0.0
3214,KABUPATEN PURWAKARTA,LAKI-LAKI,0,2020,SLTA,1,0.006
3214,KABUPATEN PURWAKARTA,LAKI-LAKI,0,2020,PERGURUAN TINGGI,0,0.0
3214,KABUPATEN PURWAKARTA,LAKI-LAKI,0,2020,TK,0,0.0
3214,KABUPATEN PURWAKARTA,LAKI-LAKI,0,2020,PAUD,0,0.0
3214,KABUPATEN PURWAKARTA,PEREMPUAN,23,2020,,27,0.294
3214,KABUPATEN PURWAKARTA,PEREMPUAN,23,2020,TIDAK SEKOLAH,0,0.135
3214,KABUPATEN PURWAKARTA,PEREMPUAN,23,2020,SD,0,0.135
3214,KABUPATEN PURWAKARTA,PEREMPUAN,23,2020,SLTP,7,0.176
3214,KABUPATEN PURWAKARTA,PEREMPUAN,23,2020,SLTA,0,0.135
3214,KABUPATEN PURWAKARTA,PEREMPUAN,23,2020,PERGURUAN TINGGI,2,0.147
3214,KABUPATEN PURWAKARTA,PEREMPUAN,23,2020,TK,0,0.135
3214,KABUPATEN PURWAKARTA,PEREMPUAN,23,2020,PAUD,0,0.135
3215,KABUPATEN KARAWANG,LAKI-LAKI,1,2020,,2,0.018
3215,KABUPATEN KARAWANG,LAKI-LAKI,1,2020,TIDAK SEKOLAH,0,0.006
3215,KABUPATEN KARAWANG,LAKI-LAKI,1,2020,SD,4,0.029
3215,KABUPATEN KARAWANG,LAKI-LAKI,1,2020,SLTP,2,0.018
3215,KABUPATEN KARAWANG,LAKI-LAKI,1,2020,SLTA,3,0.023
3215,KABUPATEN KARAWANG,LAKI-LAKI,1,2020,PERGURUAN TINGGI,0,0.006
3215,KABUPATEN KARAWANG,LAKI-LAKI,1,2020,TK,0,0.006
3215,KABUPATEN KARAWANG,LAKI-LAKI,1,2020,PAUD,0,0.006
3215,KABUPATEN KARAWANG,PEREMPUAN,18,2020,,1,0.112
3215,KABUPATEN KARAWANG,PEREMPUAN,18,2020,TIDAK SEKOLAH,2,0.117
3215,KABUPATEN KARAWANG,PEREMPUAN,18,2020,SD,6,0.141
3215,KABUPATEN KARAWANG,PEREMPUAN,18,2020,SLTP,10,0.164
3215,KABUPATEN KARAWANG,PEREMPUAN,18,2020,SLTA,12,0.176
3215,KABUPATEN KARAWANG,PEREMPUAN,18,2020,PERGURUAN TINGGI,8,0.153
3215,KABUPATEN KARAWANG,PEREMPUAN,18,2020,TK,1,0.112
3215,KABUPATEN KARAWANG,PEREMPUAN,18,2020,PAUD,0,0.106
3216,KABUPATEN BEKASI,LAKI-LAKI,4,2020,,1,0.029
3216,KABUPATEN BEKASI,LAKI-LAKI,4,2020,TIDAK SEKOLAH,5,0.053
3216,KABUPATEN BEKASI,LAKI-LAKI,4,2020,SD,7,0.065
3216,KABUPATEN BEKASI,LAKI-LAKI,4,2020,SLTP,4,0.047
3216,KABUPATEN BEKASI,LAKI-LAKI,4,2020,SLTA,2,0.035
3216,KABUPATEN BEKASI,LAKI-LAKI,4,2020,PERGURUAN TINGGI,0,0.023
3216,KABUPATEN BEKASI,LAKI-LAKI,4,2020,TK,1,0.029
3216,KABUPATEN BEKASI,LAKI-LAKI,4,2020,PAUD,0,0.023
3216,KABUPATEN BEKASI,PEREMPUAN,61,2020,,2,0.37
3216,KABUPATEN BEKASI,PEREMPUAN,61,2020,TIDAK SEKOLAH,8,0.405
3216,KABUPATEN BEKASI,PEREMPUAN,61,2020,SD,22,0.488
3216,KABUPATEN BEKASI,PEREMPUAN,61,2020,SLTP,27,0.517
3216,KABUPATEN BEKASI,PEREMPUAN,61,2020,SLTA,39,0.587
3216,KABUPATEN BEKASI,PEREMPUAN,61,2020,PERGURUAN TINGGI,8,0.405
3216,KABUPATEN BEKASI,PEREMPUAN,61,2020,TK,1,0.364
3216,KABUPATEN BEKASI,PEREMPUAN,61,2020,PAUD,0,0.358
3217,KABUPATEN BANDUNG BARAT,LAKI-LAKI,0,2020,,0,0.0
3217,KABUPATEN BANDUNG BARAT,LAKI-LAKI,0,2020,TIDAK SEKOLAH,0,0.0
3217,KABUPATEN BANDUNG BARAT,LAKI-LAKI,0,2020,SD,0,0.0
3217,KABUPATEN BANDUNG BARAT,LAKI-LAKI,0,2020,SLTP,3,0.018
3217,KABUPATEN BANDUNG BARAT,LAKI-LAKI,0,2020,SLTA,1,0.006
3217,KABUPATEN BANDUNG BARAT,LAKI-LAKI,0,2020,PERGURUAN TINGGI,1,0.006
3217,KABUPATEN BANDUNG BARAT,LAKI-LAKI,0,2020,TK,0,0.0
3217,KABUPATEN BANDUNG BARAT,LAKI-LAKI,0,2020,PAUD,0,0.0
3217,KABUPATEN BANDUNG BARAT,PEREMPUAN,4,2020,,2,0.035
3217,KABUPATEN BANDUNG BARAT,PEREMPUAN,4,2020,TIDAK SEKOLAH,1,0.029
3217,KABUPATEN BANDUNG BARAT,PEREMPUAN,4,2020,SD,1,0.029
3217,KABUPATEN BANDUNG BARAT,PEREMPUAN,4,2020,SLTP,11,0.088
3217,KABUPATEN BANDUNG BARAT,PEREMPUAN,4,2020,SLTA,2,0.035
3217,KABUPATEN BANDUNG BARAT,PEREMPUAN,4,2020,PERGURUAN TINGGI,2,0.035
3217,KABUPATEN BANDUNG BARAT,PEREMPUAN,4,2020,TK,1,0.029
3217,KABUPATEN BANDUNG BARAT,PEREMPUAN,4,2020,PAUD,1,0.029
3218,KABUPATEN PANGANDARAN,LAKI-LAKI,1,2020,,12,0.076
3218,KABUPATEN PANGANDARAN,LAKI-LAKI,1,2020,TIDAK SEKOLAH,0,0.006
3218,KABUPATEN PANGANDARAN,LAKI-LAKI,1,2020,SD,9,0.059
3218,KABUPATEN PANGANDARAN,LAKI-LAKI,1,2020,SLTP,0,0.006
3218,KABUPATEN PANGANDARAN,LAKI-LAKI,1,2020,SLTA,0,0.006
3218,KABUPATEN PANGANDARAN,LAKI-LAKI,1,2020,PERGURUAN TINGGI,0,0.006
3218,KABUPATEN PANGANDARAN,LAKI-LAKI,1,2020,TK,3,0.023
3218,KABUPATEN PANGANDARAN,LAKI-LAKI,1,2020,PAUD,0,0.006
3218,KABUPATEN PANGANDARAN,PEREMPUAN,2,2020,,14,0.094
3218,KABUPATEN PANGANDARAN,PEREMPUAN,2,2020,TIDAK SEKOLAH,0,0.012
3218,KABUPATEN PANGANDARAN,PEREMPUAN,2,2020,SD,4,0.035
3218,KABUPATEN PANGANDARAN,PEREMPUAN,2,2020,SLTP,5,0.041
3218,KABUPATEN PANGANDARAN,PEREMPUAN,2,2020,SLTA,2,0.023
3218,KABUPATEN PANGANDARAN,PEREMPUAN,2,2020,PERGURUAN TINGGI,0,0.012
3218,KABUPATEN PANGANDARAN,PEREMPUAN,2,2020,TK,0,0.012
3218,KABUPATEN PANGANDARAN,PEREMPUAN,2,2020,PAUD,1,0.018
3271,KOTA BOGOR,LAKI-LAKI,2,2020,,3,0.029
3271,KOTA BOGOR,LAKI-LAKI,2,2020,TIDAK SEKOLAH,1,0.018
3271,KOTA BOGOR,LAKI-LAKI,2,2020,SD,3,0.029
3271,KOTA BOGOR,LAKI-LAKI,2,2020,SLTP,0,0.012
3271,KOTA BOGOR,LAKI-LAKI,2,2020,SLTA,0,0.012
3271,KOTA BOGOR,LAKI-LAKI,2,2020,PERGURUAN TINGGI,0,0.012
3271,KOTA BOGOR,LAKI-LAKI,2,2020,TK,0,0.012
3271,KOTA BOGOR,LAKI-LAKI,2,2020,PAUD,0,0.012
3271,KOTA BOGOR,PEREMPUAN,3,2020,,10,0.076
3271,KOTA BOGOR,PEREMPUAN,3,2020,TIDAK SEKOLAH,0,0.018
3271,KOTA BOGOR,PEREMPUAN,3,2020,SD,0,0.018
3271,KOTA BOGOR,PEREMPUAN,3,2020,SLTP,0,0.018
3271,KOTA BOGOR,PEREMPUAN,3,2020,SLTA,0,0.018
3271,KOTA BOGOR,PEREMPUAN,3,2020,PERGURUAN TINGGI,0,0.018
3271,KOTA BOGOR,PEREMPUAN,3,2020,TK,0,0.018
3271,KOTA BOGOR,PEREMPUAN,3,2020,PAUD,0,0.018
3272,KOTA SUKABUMI,PEREMPUAN,15,2020,,6,0.123
3272,KOTA SUKABUMI,PEREMPUAN,15,2020,TIDAK SEKOLAH,2,0.1
3272,KOTA SUKABUMI,PEREMPUAN,15,2020,SD,3,0.106
3272,KOTA SUKABUMI,PEREMPUAN,15,2020,SLTP,10,0.147
3272,KOTA SUKABUMI,PEREMPUAN,15,2020,SLTA,15,0.176
3272,KOTA SUKABUMI,PEREMPUAN,15,2020,PERGURUAN TINGGI,1,0.094
3272,KOTA SUKABUMI,PEREMPUAN,15,2020,TK,0,0.088
3272,KOTA SUKABUMI,PEREMPUAN,15,2020,PAUD,0,0.088
3273,KOTA BANDUNG,LAKI-LAKI,9,2020,,19,0.164
3273,KOTA BANDUNG,LAKI-LAKI,9,2020,TIDAK SEKOLAH,7,0.094
3273,KOTA BANDUNG,LAKI-LAKI,9,2020,SD,19,0.164
3273,KOTA BANDUNG,LAKI-LAKI,9,2020,SLTP,4,0.076
3273,KOTA BANDUNG,LAKI-LAKI,9,2020,SLTA,7,0.094
3273,KOTA BANDUNG,LAKI-LAKI,9,2020,PERGURUAN TINGGI,5,0.082
3273,KOTA BANDUNG,LAKI-LAKI,9,2020,TK,2,0.065
3273,KOTA BANDUNG,LAKI-LAKI,9,2020,PAUD,1,0.059
3273,KOTA BANDUNG,PEREMPUAN,72,2020,,44,0.681
3273,KOTA BANDUNG,PEREMPUAN,72,2020,TIDAK SEKOLAH,7,0.464
3273,KOTA BANDUNG,PEREMPUAN,72,2020,SD,30,0.599
3273,KOTA BANDUNG,PEREMPUAN,72,2020,SLTP,26,0.576
3273,KOTA BANDUNG,PEREMPUAN,72,2020,SLTA,43,0.675
3273,KOTA BANDUNG,PEREMPUAN,72,2020,PERGURUAN TINGGI,50,0.717
3273,KOTA BANDUNG,PEREMPUAN,72,2020,TK,4,0.446
3273,KOTA BANDUNG,PEREMPUAN,72,2020,PAUD,0,0.423
3274,KOTA CIREBON,LAKI-LAKI,0,2020,,1,0.006
3274,KOTA CIREBON,LAKI-LAKI,0,2020,TIDAK SEKOLAH,0,0.0
3274,KOTA CIREBON,LAKI-LAKI,0,2020,SD,2,0.012
3274,KOTA CIREBON,LAKI-LAKI,0,2020,SLTP,1,0.006
3274,KOTA CIREBON,LAKI-LAKI,0,2020,SLTA,0,0.0
3274,KOTA CIREBON,LAKI-LAKI,0,2020,PERGURUAN TINGGI,0,0.0
3274,KOTA CIREBON,LAKI-LAKI,0,2020,TK,0,0.0
3274,KOTA CIREBON,LAKI-LAKI,0,2020,PAUD,0,0.0
3274,KOTA CIREBON,PEREMPUAN,6,2020,,0,0.035
3274,KOTA CIREBON,PEREMPUAN,6,2020,TIDAK SEKOLAH,0,0.035
3274,KOTA CIREBON,PEREMPUAN,6,2020,SD,4,0.059
3274,KOTA CIREBON,PEREMPUAN,6,2020,SLTP,0,0.035
3274,KOTA CIREBON,PEREMPUAN,6,2020,SLTA,21,0.159
3274,KOTA CIREBON,PEREMPUAN,6,2020,PERGURUAN TINGGI,0,0.035
3274,KOTA CIREBON,PEREMPUAN,6,2020,TK,0,0.035
3274,KOTA CIREBON,PEREMPUAN,6,2020,PAUD,0,0.035
3275,KOTA BEKASI,LAKI-LAKI,3,2020,,3,0.035
3275,KOTA BEKASI,LAKI-LAKI,3,2020,TIDAK SEKOLAH,9,0.07
3275,KOTA BEKASI,LAKI-LAKI,3,2020,SD,19,0.129
3275,KOTA BEKASI,LAKI-LAKI,3,2020,SLTP,5,0.047
3275,KOTA BEKASI,LAKI-LAKI,3,2020,SLTA,8,0.065
3275,KOTA BEKASI,LAKI-LAKI,3,2020,PERGURUAN TINGGI,0,0.018
3275,KOTA BEKASI,LAKI-LAKI,3,2020,TK,0,0.018
3275,KOTA BEKASI,LAKI-LAKI,3,2020,PAUD,0,0.018
3275,KOTA BEKASI,PEREMPUAN,34,2020,,15,0.288
3275,KOTA BEKASI,PEREMPUAN,34,2020,TIDAK SEKOLAH,10,0.258
3275,KOTA BEKASI,PEREMPUAN,34,2020,SD,37,0.417
3275,KOTA BEKASI,PEREMPUAN,34,2020,SLTP,20,0.317
3275,KOTA BEKASI,PEREMPUAN,34,2020,SLTA,27,0.358
3275,KOTA BEKASI,PEREMPUAN,34,2020,PERGURUAN TINGGI,6,0.235
3275,KOTA BEKASI,PEREMPUAN,34,2020,TK,2,0.211
3275,KOTA BEKASI,PEREMPUAN,34,2020,PAUD,0,0.2
3276,KOTA DEPOK,LAKI-LAKI,5,2020,,2,0.041
3276,KOTA DEPOK,LAKI-LAKI,5,2020,TIDAK SEKOLAH,3,0.047
3276,KOTA DEPOK,LAKI-LAKI,5,2020,SD,16,0.123
3276,KOTA DEPOK,LAKI-LAKI,5,2020,SLTP,6,0.065
3276,KOTA DEPOK,LAKI-LAKI,5,2020,SLTA,3,0.047
3276,KOTA DEPOK,LAKI-LAKI,5,2020,PERGURUAN TINGGI,0,0.029
3276,KOTA DEPOK,LAKI-LAKI,5,2020,TK,2,0.041
3276,KOTA DEPOK,LAKI-LAKI,5,2020,PAUD,0,0.029
3276,KOTA DEPOK,LAKI-LAKI,3,2020,,2,0.029
3276,KOTA DEPOK,LAKI-LAKI,3,2020,TIDAK SEKOLAH,3,0.035
3276,KOTA DEPOK,LAKI-LAKI,3,2020,SD,16,0.112
3276,KOTA DEPOK,LAKI-LAKI,3,2020,SLTP,6,0.053
3276,KOTA DEPOK,LAKI-LAKI,3,2020,SLTA,3,0.035
3276,KOTA DEPOK,LAKI-LAKI,3,2020,PERGURUAN TINGGI,0,0.018
3276,KOTA DEPOK,LAKI-LAKI,3,2020,TK,2,0.029
3276,KOTA DEPOK,LAKI-LAKI,3,2020,PAUD,0,0.018
3276,KOTA DEPOK,PEREMPUAN,33,2020,,25,0.341
3276,KOTA DEPOK,PEREMPUAN,33,2020,TIDAK SEKOLAH,9,0.247
3276,KOTA DEPOK,PEREMPUAN,33,2020,SD,12,0.264
3276,KOTA DEPOK,PEREMPUAN,33,2020,SLTP,9,0.247
3276,KOTA DEPOK,PEREMPUAN,33,2020,SLTA,12,0.264
3276,KOTA DEPOK,PEREMPUAN,33,2020,PERGURUAN TINGGI,6,0.229
3276,KOTA DEPOK,PEREMPUAN,33,2020,TK,0,0.194
3276,KOTA DEPOK,PEREMPUAN,33,2020,PAUD,0,0.194
3277,KOTA CIMAHI,LAKI-LAKI,1,2020,,2,0.018
3277,KOTA CIMAHI,LAKI-LAKI,1,2020,TIDAK SEKOLAH,0,0.006
3277,KOTA CIMAHI,LAKI-LAKI,1,2020,SD,2,0.018
3277,KOTA CIMAHI,LAKI-LAKI,1,2020,SLTP,0,0.006
3277,KOTA CIMAHI,LAKI-LAKI,1,2020,SLTA,0,0.006
3277,KOTA CIMAHI,LAKI-LAKI,1,2020,PERGURUAN TINGGI,0,0.006
3277,KOTA CIMAHI,LAKI-LAKI,1,2020,TK,0,0.006
3277,KOTA CIMAHI,LAKI-LAKI,1,2020,PAUD,0,0.006
3277,KOTA CIMAHI,PEREMPUAN,10,2020,,4,0.082
3277,KOTA CIMAHI,PEREMPUAN,10,2020,TIDAK SEKOLAH,0,0.059
3277,KOTA CIMAHI,PEREMPUAN,10,2020,SD,3,0.076
3277,KOTA CIMAHI,PEREMPUAN,10,2020,SLTP,5,0.088
3277,KOTA CIMAHI,PEREMPUAN,10,2020,SLTA,7,0.1
3277,KOTA CIMAHI,PEREMPUAN,10,2020,PERGURUAN TINGGI,1,0.065
3277,KOTA CIMAHI,PEREMPUAN,10,2020,TK,0,0.059
3277,KOTA CIMAHI,PEREMPUAN,10,2020,PAUD,0,0.059
3278,KOTA TASIKMALAYA,LAKI-LAKI,0,2020,,0,0.0
3278,KOTA TASIKMALAYA,LAKI-LAKI,0,2020,TIDAK SEKOLAH,0,0.0
3278,KOTA TASIKMALAYA,LAKI-LAKI,0,2020,SD,0,0.0
3278,KOTA TASIKMALAYA,LAKI-LAKI,0,2020,SLTP,2,0.012
3278,KOTA TASIKMALAYA,LAKI-LAKI,0,2020,SLTA,0,0.0
3278,KOTA TASIKMALAYA,LAKI-LAKI,0,2020,PERGURUAN TINGGI,0,0.0
3278,KOTA TASIKMALAYA,LAKI-LAKI,0,2020,TK,0,0.0
3278,KOTA TASIKMALAYA,LAKI-LAKI,0,2020,PAUD,0,0.0
3278,KOTA TASIKMALAYA,PEREMPUAN,7,2020,,9,0.094
3278,KOTA TASIKMALAYA,PEREMPUAN,7,2020,TIDAK SEKOLAH,1,0.047
3278,KOTA TASIKMALAYA,PEREMPUAN,7,2020,SD,2,0.053
3278,KOTA TASIKMALAYA,PEREMPUAN,7,2020,SLTP,1,0.047
3278,KOTA TASIKMALAYA,PEREMPUAN,7,2020,SLTA,2,0.053
3278,KOTA TASIKMALAYA,PEREMPUAN,7,2020,PERGURUAN TINGGI,1,0.047
3278,KOTA TASIKMALAYA,PEREMPUAN,7,2020,TK,0,0.041
3278,KOTA TASIKMALAYA,PEREMPUAN,7,2020,PAUD,1,0.047
3279,KOTA BANJAR,LAKI-LAKI,0,2020,,3,0.018
3279,KOTA BANJAR,LAKI-LAKI,0,2020,TIDAK SEKOLAH,0,0.0
3279,KOTA BANJAR,LAKI-LAKI,0,2020,SD,4,0.023
3279,KOTA BANJAR,LAKI-LAKI,0,2020,SLTP,0,0.0
3279,KOTA BANJAR,LAKI-LAKI,0,2020,SLTA,0,0.0
3279,KOTA BANJAR,LAKI-LAKI,0,2020,PERGURUAN TINGGI,0,0.0
3279,KOTA BANJAR,LAKI-LAKI,0,2020,TK,0,0.0
3279,KOTA BANJAR,LAKI-LAKI,0,2020,PAUD,0,0.0
3279,KOTA BANJAR,PEREMPUAN,3,2020,,14,0.1
3279,KOTA BANJAR,PEREMPUAN,3,2020,TIDAK SEKOLAH,0,0.018
3279,KOTA BANJAR,PEREMPUAN,3,2020,SD,2,0.029
3279,KOTA BANJAR,PEREMPUAN,3,2020,SLTP,0,0.018
3279,KOTA BANJAR,PEREMPUAN,3,2020,SLTA,1,0.023
3279,KOTA BANJAR,PEREMPUAN,3,2020,PERGURUAN TINGGI,0,0.018
3279,KOTA BANJAR,PEREMPUAN,3,2020,TK,0,0.018
3279,KOTA BANJAR,PEREMPUAN,3,2020,PAUD,0,0.018
3201,KABUPATEN BOGOR,LAKI-LAKI,1,2021,,2,0.018
3201,KABUPATEN BOGOR,LAKI-LAKI,1,2021,TIDAK SEKOLAH,3,0.023
3201,KABUPATEN BOGOR,LAKI-LAKI,1,2021,SD,1,0.012
3201,KABUPATEN BOGOR,LAKI-LAKI,1,2021,SLTP,2,0.018
3201,KABUPATEN BOGOR,LAKI-LAKI,1,2021,SLTA,1,0.012
3201,KABUPATEN BOGOR,LAKI-LAKI,1,2021,PERGURUAN TINGGI,0,0.006
3201,KABUPATEN BOGOR,LAKI-LAKI,1,2021,TK,0,0.006
3201,KABUPATEN BOGOR,LAKI-LAKI,1,2021,PAUD,0,0.006
3201,KABUPATEN BOGOR,PEREMPUAN,11,2021,,12,0.135
3201,KABUPATEN BOGOR,PEREMPUAN,11,2021,TIDAK SEKOLAH,1,0.07
3201,KABUPATEN BOGOR,PEREMPUAN,11,2021,SD,9,0.117
3201,KABUPATEN BOGOR,PEREMPUAN,11,2021,SLTP,4,0.088
3201,KABUPATEN BOGOR,PEREMPUAN,11,2021,SLTA,6,0.1
3201,KABUPATEN BOGOR,PEREMPUAN,11,2021,PERGURUAN TINGGI,4,0.088
3201,KABUPATEN BOGOR,PEREMPUAN,11,2021,TK,0,0.065
3201,KABUPATEN BOGOR,PEREMPUAN,11,2021,PAUD,0,0.065
3202,KABUPATEN SUKABUMI,LAKI-LAKI,5,2021,,1,0.035
3202,KABUPATEN SUKABUMI,LAKI-LAKI,5,2021,TIDAK SEKOLAH,8,0.076
3202,KABUPATEN SUKABUMI,LAKI-LAKI,5,2021,SD,11,0.094
3202,KABUPATEN SUKABUMI,LAKI-LAKI,5,2021,SLTP,5,0.059
3202,KABUPATEN SUKABUMI,LAKI-LAKI,5,2021,SLTA,7,0.07
3202,KABUPATEN SUKABUMI,LAKI-LAKI,5,2021,PERGURUAN TINGGI,0,0.029
3202,KABUPATEN SUKABUMI,LAKI-LAKI,5,2021,TK,0,0.029
3202,KABUPATEN SUKABUMI,LAKI-LAKI,5,2021,PAUD,0,0.029
3202,KABUPATEN SUKABUMI,PEREMPUAN,15,2021,,26,0.241
3202,KABUPATEN SUKABUMI,PEREMPUAN,15,2021,TIDAK SEKOLAH,13,0.164
3202,KABUPATEN SUKABUMI,PEREMPUAN,15,2021,SD,59,0.435
3202,KABUPATEN SUKABUMI,PEREMPUAN,15,2021,SLTP,52,0.394
3202,KABUPATEN SUKABUMI,PEREMPUAN,15,2021,SLTA,25,0.235
3202,KABUPATEN SUKABUMI,PEREMPUAN,15,2021,PERGURUAN TINGGI,3,0.106
3202,KABUPATEN SUKABUMI,PEREMPUAN,15,2021,TK,0,0.088
3202,KABUPATEN SUKABUMI,PEREMPUAN,15,2021,PAUD,0,0.088
3203,KABUPATEN CIANJUR,LAKI-LAKI,1,2021,,4,0.029
3203,KABUPATEN CIANJUR,LAKI-LAKI,1,2021,TIDAK SEKOLAH,0,0.006
3203,KABUPATEN CIANJUR,LAKI-LAKI,1,2021,SD,2,0.018
3203,KABUPATEN CIANJUR,LAKI-LAKI,1,2021,SLTP,1,0.012
3203,KABUPATEN CIANJUR,LAKI-LAKI,1,2021,SLTA,0,0.006
3203,KABUPATEN CIANJUR,LAKI-LAKI,1,2021,PERGURUAN TINGGI,0,0.006
3203,KABUPATEN CIANJUR,LAKI-LAKI,1,2021,TK,0,0.006
3203,KABUPATEN CIANJUR,LAKI-LAKI,1,2021,PAUD,0,0.006
3203,KABUPATEN CIANJUR,PEREMPUAN,1,2021,,1,0.012
3203,KABUPATEN CIANJUR,PEREMPUAN,1,2021,TIDAK SEKOLAH,0,0.006
3203,KABUPATEN CIANJUR,PEREMPUAN,1,2021,SD,0,0.006
3203,KABUPATEN CIANJUR,PEREMPUAN,1,2021,SLTP,0,0.006
3203,KABUPATEN CIANJUR,PEREMPUAN,1,2021,SLTA,1,0.012
3203,KABUPATEN CIANJUR,PEREMPUAN,1,2021,PERGURUAN TINGGI,0,0.006
3203,KABUPATEN CIANJUR,PEREMPUAN,1,2021,TK,0,0.006
3203,KABUPATEN CIANJUR,PEREMPUAN,1,2021,PAUD,0,0.006
3204,KABUPATEN BANDUNG,LAKI-LAKI,15,2021,,9,0.141
3204,KABUPATEN BANDUNG,LAKI-LAKI,15,2021,TIDAK SEKOLAH,3,0.106
3204,KABUPATEN BANDUNG,LAKI-LAKI,15,2021,SD,11,0.153
3204,KABUPATEN BANDUNG,LAKI-LAKI,15,2021,SLTP,2,0.1
3204,KABUPATEN BANDUNG,LAKI-LAKI,15,2021,SLTA,7,0.129
3204,KABUPATEN BANDUNG,LAKI-LAKI,15,2021,PERGURUAN TINGGI,0,0.088
3204,KABUPATEN BANDUNG,LAKI-LAKI,15,2021,TK,0,0.088
3204,KABUPATEN BANDUNG,LAKI-LAKI,15,2021,PAUD,1,0.094
3204,KABUPATEN BANDUNG,PEREMPUAN,48,2021,,32,0.47
3204,KABUPATEN BANDUNG,PEREMPUAN,48,2021,TIDAK SEKOLAH,8,0.329
3204,KABUPATEN BANDUNG,PEREMPUAN,48,2021,SD,24,0.423
3204,KABUPATEN BANDUNG,PEREMPUAN,48,2021,SLTP,27,0.441
3204,KABUPATEN BANDUNG,PEREMPUAN,48,2021,SLTA,36,0.493
3204,KABUPATEN BANDUNG,PEREMPUAN,48,2021,PERGURUAN TINGGI,6,0.317
3204,KABUPATEN BANDUNG,PEREMPUAN,48,2021,TK,0,0.282
3204,KABUPATEN BANDUNG,PEREMPUAN,48,2021,PAUD,1,0.288
3205,KABUPATEN GARUT,LAKI-LAKI,0,2021,,2,0.012
3205,KABUPATEN GARUT,LAKI-LAKI,0,2021,TIDAK SEKOLAH,0,0.0
3205,KABUPATEN GARUT,LAKI-LAKI,0,2021,SD,0,0.0
3205,KABUPATEN GARUT,LAKI-LAKI,0,2021,SLTP,0,0.0
3205,KABUPATEN GARUT,LAKI-LAKI,0,2021,SLTA,0,0.0
3205,KABUPATEN GARUT,LAKI-LAKI,0,2021,PERGURUAN TINGGI,0,0.0
3205,KABUPATEN GARUT,LAKI-LAKI,0,2021,TK,0,0.0
3205,KABUPATEN GARUT,LAKI-LAKI,0,2021,PAUD,0,0.0
3205,KABUPATEN GARUT,PEREMPUAN,4,2021,,24,0.164
3205,KABUPATEN GARUT,PEREMPUAN,4,2021,TIDAK SEKOLAH,2,0.035
3205,KABUPATEN GARUT,PEREMPUAN,4,2021,SD,2,0.035
3205,KABUPATEN GARUT,PEREMPUAN,4,2021,SLTP,2,0.035
3205,KABUPATEN GARUT,PEREMPUAN,4,2021,SLTA,5,0.053
3205,KABUPATEN GARUT,PEREMPUAN,4,2021,PERGURUAN TINGGI,0,0.023
3205,KABUPATEN GARUT,PEREMPUAN,4,2021,TK,0,0.023
3205,KABUPATEN GARUT,PEREMPUAN,4,2021,PAUD,0,0.023
3206,KABUPATEN TASIKMALAYA,LAKI-LAKI,2,2021,,0,0.012
3206,KABUPATEN TASIKMALAYA,LAKI-LAKI,2,2021,TIDAK SEKOLAH,3,0.029
3206,KABUPATEN TASIKMALAYA,LAKI-LAKI,2,2021,SD,8,0.059
3206,KABUPATEN TASIKMALAYA,LAKI-LAKI,2,2021,SLTP,8,0.059
3206,KABUPATEN TASIKMALAYA,LAKI-LAKI,2,2021,SLTA,10,0.07
3206,KABUPATEN TASIKMALAYA,LAKI-LAKI,2,2021,PERGURUAN TINGGI,0,0.012
3206,KABUPATEN TASIKMALAYA,LAKI-LAKI,2,2021,TK,1,0.018
3206,KABUPATEN TASIKMALAYA,LAKI-LAKI,2,2021,PAUD,0,0.012
3206,KABUPATEN TASIKMALAYA,PEREMPUAN,11,2021,,13,0.141
3206,KABUPATEN TASIKMALAYA,PEREMPUAN,11,2021,TIDAK SEKOLAH,24,0.206
3206,KABUPATEN TASIKMALAYA,PEREMPUAN,11,2021,SD,18,0.17
3206,KABUPATEN TASIKMALAYA,PEREMPUAN,11,2021,SLTP,29,0.235
3206,KABUPATEN TASIKMALAYA,PEREMPUAN,11,2021,SLTA,11,0.129
3206,KABUPATEN TASIKMALAYA,PEREMPUAN,11,2021,PERGURUAN TINGGI,1,0.07
3206,KABUPATEN TASIKMALAYA,PEREMPUAN,11,2021,TK,0,0.065
3206,KABUPATEN TASIKMALAYA,PEREMPUAN,11,2021,PAUD,0,0.065
3207,KABUPATEN CIAMIS,LAKI-LAKI,0,2021,,4,0.023
3207,KABUPATEN CIAMIS,LAKI-LAKI,0,2021,TIDAK SEKOLAH,0,0.0
3207,KABUPATEN CIAMIS,LAKI-LAKI,0,2021,SD,0,0.0
3207,KABUPATEN CIAMIS,LAKI-LAKI,0,2021,SLTP,2,0.012
3207,KABUPATEN CIAMIS,LAKI-LAKI,0,2021,SLTA,0,0.0
3207,KABUPATEN CIAMIS,LAKI-LAKI,0,2021,PERGURUAN TINGGI,0,0.0
3207,KABUPATEN CIAMIS,LAKI-LAKI,0,2021,TK,0,0.0
3207,KABUPATEN CIAMIS,LAKI-LAKI,0,2021,PAUD,0,0.0
3207,KABUPATEN CIAMIS,PEREMPUAN,0,2021,,11,0.065
3207,KABUPATEN CIAMIS,PEREMPUAN,0,2021,TIDAK SEKOLAH,0,0.0
3207,KABUPATEN CIAMIS,PEREMPUAN,0,2021,SD,1,0.006
3207,KABUPATEN CIAMIS,PEREMPUAN,0,2021,SLTP,1,0.006
3207,KABUPATEN CIAMIS,PEREMPUAN,0,2021,SLTA,0,0.0
3207,KABUPATEN CIAMIS,PEREMPUAN,0,2021,PERGURUAN TINGGI,0,0.0
3207,KABUPATEN CIAMIS,PEREMPUAN,0,2021,TK,0,0.0
3207,KABUPATEN CIAMIS,PEREMPUAN,0,2021,PAUD,0,0.0
3208,KABUPATEN KUNINGAN,LAKI-LAKI,1,2021,,1,0.012
3208,KABUPATEN KUNINGAN,LAKI-LAKI,1,2021,TIDAK SEKOLAH,0,0.006
3208,KABUPATEN KUNINGAN,LAKI-LAKI,1,2021,SD,2,0.018
3208,KABUPATEN KUNINGAN,LAKI-LAKI,1,2021,SLTP,4,0.029
3208,KABUPATEN KUNINGAN,LAKI-LAKI,1,2021,SLTA,0,0.006
3208,KABUPATEN KUNINGAN,LAKI-LAKI,1,2021,PERGURUAN TINGGI,0,0.006
3208,KABUPATEN KUNINGAN,LAKI-LAKI,1,2021,TK,0,0.006
3208,KABUPATEN KUNINGAN,LAKI-LAKI,1,2021,PAUD,0,0.006
3208,KABUPATEN KUNINGAN,PEREMPUAN,13,2021,,13,0.153
3208,KABUPATEN KUNINGAN,PEREMPUAN,13,2021,TIDAK SEKOLAH,0,0.076
3208,KABUPATEN KUNINGAN,PEREMPUAN,13,2021,SD,1,0.082
3208,KABUPATEN KUNINGAN,PEREMPUAN,13,2021,SLTP,1,0.082
3208,KABUPATEN KUNINGAN,PEREMPUAN,13,2021,SLTA,3,0.094
3208,KABUPATEN KUNINGAN,PEREMPUAN,13,2021,PERGURUAN TINGGI,1,0.082
3208,KABUPATEN KUNINGAN,PEREMPUAN,13,2021,TK,0,0.076
3208,KABUPATEN KUNINGAN,PEREMPUAN,13,2021,PAUD,0,0.076
3209,KABUPATEN CIREBON,LAKI-LAKI,6,2021,,3,0.053
3209,KABUPATEN CIREBON,LAKI-LAKI,6,2021,TIDAK SEKOLAH,0,0.035
3209,KABUPATEN CIREBON,LAKI-LAKI,6,2021,SD,12,0.106
3209,KABUPATEN CIREBON,LAKI-LAKI,6,2021,SLTP,9,0.088
3209,KABUPATEN CIREBON,LAKI-LAKI,6,2021,SLTA,5,0.065
3209,KABUPATEN CIREBON,LAKI-LAKI,6,2021,PERGURUAN TINGGI,0,0.035
3209,KABUPATEN CIREBON,LAKI-LAKI,6,2021,TK,0,0.035
3209,KABUPATEN CIREBON,LAKI-LAKI,6,2021,PAUD,1,0.041
3209,KABUPATEN CIREBON,PEREMPUAN,53,2021,,18,0.417
3209,KABUPATEN CIREBON,PEREMPUAN,53,2021,TIDAK SEKOLAH,4,0.335
3209,KABUPATEN CIREBON,PEREMPUAN,53,2021,SD,24,0.452
3209,KABUPATEN CIREBON,PEREMPUAN,53,2021,SLTP,27,0.47
3209,KABUPATEN CIREBON,PEREMPUAN,53,2021,SLTA,28,0.476
3209,KABUPATEN CIREBON,PEREMPUAN,53,2021,PERGURUAN TINGGI,9,0.364
3209,KABUPATEN CIREBON,PEREMPUAN,53,2021,TK,0,0.311
3209,KABUPATEN CIREBON,PEREMPUAN,53,2021,PAUD,0,0.311
3210,KABUPATEN MAJALENGKA,LAKI-LAKI,0,2021,,0,0.0
3210,KABUPATEN MAJALENGKA,LAKI-LAKI,0,2021,TIDAK SEKOLAH,0,0.0
3210,KABUPATEN MAJALENGKA,LAKI-LAKI,0,2021,SD,3,0.018
3210,KABUPATEN MAJALENGKA,LAKI-LAKI,0,2021,SLTP,0,0.0
3210,KABUPATEN MAJALENGKA,LAKI-LAKI,0,2021,SLTA,1,0.006
3210,KABUPATEN MAJALENGKA,LAKI-LAKI,0,2021,PERGURUAN TINGGI,0,0.0
3210,KABUPATEN MAJALENGKA,LAKI-LAKI,0,2021,TK,0,0.0
3210,KABUPATEN MAJALENGKA,LAKI-LAKI,0,2021,PAUD,2,0.012
3210,KABUPATEN MAJALENGKA,PEREMPUAN,2,2021,,6,0.047
3210,KABUPATEN MAJALENGKA,PEREMPUAN,2,2021,TIDAK SEKOLAH,1,0.018
3210,KABUPATEN MAJALENGKA,PEREMPUAN,2,2021,SD,6,0.047
3210,KABUPATEN MAJALENGKA,PEREMPUAN,2,2021,SLTP,12,0.082
3210,KABUPATEN MAJALENGKA,PEREMPUAN,2,2021,SLTA,1,0.018
3210,KABUPATEN MAJALENGKA,PEREMPUAN,2,2021,PERGURUAN TINGGI,0,0.012
3210,KABUPATEN MAJALENGKA,PEREMPUAN,2,2021,TK,0,0.012
3210,KABUPATEN MAJALENGKA,PEREMPUAN,2,2021,PAUD,1,0.018
3211,KABUPATEN SUMEDANG,LAKI-LAKI,1,2021,,3,0.023
3211,KABUPATEN SUMEDANG,LAKI-LAKI,1,2021,TIDAK SEKOLAH,0,0.006
3211,KABUPATEN SUMEDANG,LAKI-LAKI,1,2021,SD,1,0.012
3211,KABUPATEN SUMEDANG,LAKI-LAKI,1,2021,SLTP,0,0.006
3211,KABUPATEN SUMEDANG,LAKI-LAKI,1,2021,SLTA,0,0.006
3211,KABUPATEN SUMEDANG,LAKI-LAKI,1,2021,PERGURUAN TINGGI,0,0.006
3211,KABUPATEN SUMEDANG,LAKI-LAKI,1,2021,TK,0,0.006
3211,KABUPATEN SUMEDANG,LAKI-LAKI,1,2021,PAUD,0,0.006
3211,KABUPATEN SUMEDANG,PEREMPUAN,5,2021,,18,0.135
3211,KABUPATEN SUMEDANG,PEREMPUAN,5,2021,TIDAK SEKOLAH,0,0.029
3211,KABUPATEN SUMEDANG,PEREMPUAN,5,2021,SD,0,0.029
3211,KABUPATEN SUMEDANG,PEREMPUAN,5,2021,SLTP,0,0.029
3211,KABUPATEN SUMEDANG,PEREMPUAN,5,2021,SLTA,1,0.035
3211,KABUPATEN SUMEDANG,PEREMPUAN,5,2021,PERGURUAN TINGGI,1,0.035
3211,KABUPATEN SUMEDANG,PEREMPUAN,5,2021,TK,0,0.029
3211,KABUPATEN SUMEDANG,PEREMPUAN,5,2021,PAUD,0,0.029
3212,KABUPATEN INDRAMAYU,LAKI-LAKI,1,2021,,0,0.006
3212,KABUPATEN INDRAMAYU,LAKI-LAKI,1,2021,TIDAK SEKOLAH,1,0.012
3212,KABUPATEN INDRAMAYU,LAKI-LAKI,1,2021,SD,4,0.029
3212,KABUPATEN INDRAMAYU,LAKI-LAKI,1,2021,SLTP,2,0.018
3212,KABUPATEN INDRAMAYU,LAKI-LAKI,1,2021,SLTA,1,0.012
3212,KABUPATEN INDRAMAYU,LAKI-LAKI,1,2021,PERGURUAN TINGGI,0,0.006
3212,KABUPATEN INDRAMAYU,LAKI-LAKI,1,2021,TK,0,0.006
3212,KABUPATEN INDRAMAYU,LAKI-LAKI,1,2021,PAUD,0,0.006
3212,KABUPATEN INDRAMAYU,PEREMPUAN,14,2021,,9,0.135
3212,KABUPATEN INDRAMAYU,PEREMPUAN,14,2021,TIDAK SEKOLAH,1,0.088
3212,KABUPATEN INDRAMAYU,PEREMPUAN,14,2021,SD,7,0.123
3212,KABUPATEN INDRAMAYU,PEREMPUAN,14,2021,SLTP,18,0.188
3212,KABUPATEN INDRAMAYU,PEREMPUAN,14,2021,SLTA,9,0.135
3212,KABUPATEN INDRAMAYU,PEREMPUAN,14,2021,PERGURUAN TINGGI,6,0.117
3212,KABUPATEN INDRAMAYU,PEREMPUAN,14,2021,TK,0,0.082
3212,KABUPATEN INDRAMAYU,PEREMPUAN,14,2021,PAUD,0,0.082
3213,KABUPATEN SUBANG,LAKI-LAKI,0,2021,,1,0.006
3213,KABUPATEN SUBANG,LAKI-LAKI,0,2021,TIDAK SEKOLAH,0,0.0
3213,KABUPATEN SUBANG,LAKI-LAKI,0,2021,SD,0,0.0
3213,KABUPATEN SUBANG,LAKI-LAKI,0,2021,SLTP,2,0.012
3213,KABUPATEN SUBANG,LAKI-LAKI,0,2021,SLTA,0,0.0
3213,KABUPATEN SUBANG,LAKI-LAKI,0,2021,PERGURUAN TINGGI,0,0.0
3213,KABUPATEN SUBANG,LAKI-LAKI,0,2021,TK,0,0.0
3213,KABUPATEN SUBANG,LAKI-LAKI,0,2021,PAUD,0,0.0
3213,KABUPATEN SUBANG,PEREMPUAN,1,2021,,3,0.023
3213,KABUPATEN SUBANG,PEREMPUAN,1,2021,TIDAK SEKOLAH,0,0.006
3213,KABUPATEN SUBANG,PEREMPUAN,1,2021,SD,3,0.023
3213,KABUPATEN SUBANG,PEREMPUAN,1,2021,SLTP,4,0.029
3213,KABUPATEN SUBANG,PEREMPUAN,1,2021,SLTA,4,0.029
3213,KABUPATEN SUBANG,PEREMPUAN,1,2021,PERGURUAN TINGGI,0,0.006
3213,KABUPATEN SUBANG,PEREMPUAN,1,2021,TK,0,0.006
3213,KABUPATEN SUBANG,PEREMPUAN,1,2021,PAUD,0,0.006
3214,KABUPATEN PURWAKARTA,LAKI-LAKI,1,2021,,5,0.035
3214,KABUPATEN PURWAKARTA,LAKI-LAKI,1,2021,TIDAK SEKOLAH,0,0.006
3214,KABUPATEN PURWAKARTA,LAKI-LAKI,1,2021,SD,2,0.018
3214,KABUPATEN PURWAKARTA,LAKI-LAKI,1,2021,SLTP,1,0.012
3214,KABUPATEN PURWAKARTA,LAKI-LAKI,1,2021,SLTA,1,0.012
3214,KABUPATEN PURWAKARTA,LAKI-LAKI,1,2021,PERGURUAN TINGGI,0,0.006
3214,KABUPATEN PURWAKARTA,LAKI-LAKI,1,2021,TK,0,0.006
3214,KABUPATEN PURWAKARTA,LAKI-LAKI,1,2021,PAUD,0,0.006
3214,KABUPATEN PURWAKARTA,PEREMPUAN,6,2021,,18,0.141
3214,KABUPATEN PURWAKARTA,PEREMPUAN,6,2021,TIDAK SEKOLAH,1,0.041
3214,KABUPATEN PURWAKARTA,PEREMPUAN,6,2021,SD,0,0.035
3214,KABUPATEN PURWAKARTA,PEREMPUAN,6,2021,SLTP,5,0.065
3214,KABUPATEN PURWAKARTA,PEREMPUAN,6,2021,SLTA,2,0.047
3214,KABUPATEN PURWAKARTA,PEREMPUAN,6,2021,PERGURUAN TINGGI,1,0.041
3214,KABUPATEN PURWAKARTA,PEREMPUAN,6,2021,TK,0,0.035
3214,KABUPATEN PURWAKARTA,PEREMPUAN,6,2021,PAUD,0,0.035
3215,KABUPATEN KARAWANG,LAKI-LAKI,1,2021,,3,0.023
3215,KABUPATEN KARAWANG,LAKI-LAKI,1,2021,TIDAK SEKOLAH,0,0.006
3215,KABUPATEN KARAWANG,LAKI-LAKI,1,2021,SD,1,0.012
3215,KABUPATEN KARAWANG,LAKI-LAKI,1,2021,SLTP,0,0.006
3215,KABUPATEN KARAWANG,LAKI-LAKI,1,2021,SLTA,0,0.006
3215,KABUPATEN KARAWANG,LAKI-LAKI,1,2021,PERGURUAN TINGGI,0,0.006
3215,KABUPATEN KARAWANG,LAKI-LAKI,1,2021,TK,1,0.012
3215,KABUPATEN KARAWANG,LAKI-LAKI,1,2021,PAUD,0,0.006
3215,KABUPATEN KARAWANG,PEREMPUAN,9,2021,,5,0.082
3215,KABUPATEN KARAWANG,PEREMPUAN,9,2021,TIDAK SEKOLAH,0,0.053
3215,KABUPATEN KARAWANG,PEREMPUAN,9,2021,SD,2,0.065
3215,KABUPATEN KARAWANG,PEREMPUAN,9,2021,SLTP,2,0.065
3215,KABUPATEN KARAWANG,PEREMPUAN,9,2021,SLTA,10,0.112
3215,KABUPATEN KARAWANG,PEREMPUAN,9,2021,PERGURUAN TINGGI,6,0.088
3215,KABUPATEN KARAWANG,PEREMPUAN,9,2021,TK,0,0.053
3215,KABUPATEN KARAWANG,PEREMPUAN,9,2021,PAUD,0,0.053
3216,KABUPATEN BEKASI,LAKI-LAKI,3,2021,,0,0.018
3216,KABUPATEN BEKASI,LAKI-LAKI,3,2021,TIDAK SEKOLAH,2,0.029
3216,KABUPATEN BEKASI,LAKI-LAKI,3,2021,SD,3,0.035
3216,KABUPATEN BEKASI,LAKI-LAKI,3,2021,SLTP,5,0.047
3216,KABUPATEN BEKASI,LAKI-LAKI,3,2021,SLTA,3,0.035
3216,KABUPATEN BEKASI,LAKI-LAKI,3,2021,PERGURUAN TINGGI,0,0.018
3216,KABUPATEN BEKASI,LAKI-LAKI,3,2021,TK,0,0.018
3216,KABUPATEN BEKASI,LAKI-LAKI,3,2021,PAUD,0,0.018
3216,KABUPATEN BEKASI,PEREMPUAN,32,2021,,12,0.258
3216,KABUPATEN BEKASI,PEREMPUAN,32,2021,TIDAK SEKOLAH,8,0.235
3216,KABUPATEN BEKASI,PEREMPUAN,32,2021,SD,22,0.317
3216,KABUPATEN BEKASI,PEREMPUAN,32,2021,SLTP,16,0.282
3216,KABUPATEN BEKASI,PEREMPUAN,32,2021,SLTA,30,0.364
3216,KABUPATEN BEKASI,PEREMPUAN,32,2021,PERGURUAN TINGGI,3,0.206
3216,KABUPATEN BEKASI,PEREMPUAN,32,2021,TK,3,0.206
3216,KABUPATEN BEKASI,PEREMPUAN,32,2021,PAUD,1,0.194
3217,KABUPATEN BANDUNG BARAT,LAKI-LAKI,1,2021,,3,0.023
3217,KABUPATEN BANDUNG BARAT,LAKI-LAKI,1,2021,TIDAK SEKOLAH,0,0.006
3217,KABUPATEN BANDUNG BARAT,LAKI-LAKI,1,2021,SD,1,0.012
3217,KABUPATEN BANDUNG BARAT,LAKI-LAKI,1,2021,SLTP,0,0.006
3217,KABUPATEN BANDUNG BARAT,LAKI-LAKI,1,2021,SLTA,0,0.006
3217,KABUPATEN BANDUNG BARAT,LAKI-LAKI,1,2021,PERGURUAN TINGGI,0,0.006
3217,KABUPATEN BANDUNG BARAT,LAKI-LAKI,1,2021,TK,1,0.012
3217,KABUPATEN BANDUNG BARAT,LAKI-LAKI,1,2021,PAUD,0,0.006
3217,KABUPATEN BANDUNG BARAT,PEREMPUAN,11,2021,,13,0.141
3217,KABUPATEN BANDUNG BARAT,PEREMPUAN,11,2021,TIDAK SEKOLAH,0,0.065
3217,KABUPATEN BANDUNG BARAT,PEREMPUAN,11,2021,SD,8,0.112
3217,KABUPATEN BANDUNG BARAT,PEREMPUAN,11,2021,SLTP,3,0.082
3217,KABUPATEN BANDUNG BARAT,PEREMPUAN,11,2021,SLTA,11,0.129
3217,KABUPATEN BANDUNG BARAT,PEREMPUAN,11,2021,PERGURUAN TINGGI,3,0.082
3217,KABUPATEN BANDUNG BARAT,PEREMPUAN,11,2021,TK,0,0.065
3217,KABUPATEN BANDUNG BARAT,PEREMPUAN,11,2021,PAUD,0,0.065
3218,KABUPATEN PANGANDARAN,LAKI-LAKI,2,2021,,2,0.023
3218,KABUPATEN PANGANDARAN,LAKI-LAKI,2,2021,TIDAK SEKOLAH,0,0.012
3218,KABUPATEN PANGANDARAN,LAKI-LAKI,2,2021,SD,0,0.012
3218,KABUPATEN PANGANDARAN,LAKI-LAKI,2,2021,SLTP,1,0.018
3218,KABUPATEN PANGANDARAN,LAKI-LAKI,2,2021,SLTA,0,0.012
3218,KABUPATEN PANGANDARAN,LAKI-LAKI,2,2021,PERGURUAN TINGGI,0,0.012
3218,KABUPATEN PANGANDARAN,LAKI-LAKI,2,2021,TK,0,0.012
3218,KABUPATEN PANGANDARAN,LAKI-LAKI,2,2021,PAUD,0,0.012
3218,KABUPATEN PANGANDARAN,PEREMPUAN,5,2021,,5,0.059
3218,KABUPATEN PANGANDARAN,PEREMPUAN,5,2021,TIDAK SEKOLAH,0,0.029
3218,KABUPATEN PANGANDARAN,PEREMPUAN,5,2021,SD,7,0.07
3218,KABUPATEN PANGANDARAN,PEREMPUAN,5,2021,SLTP,6,0.065
3218,KABUPATEN PANGANDARAN,PEREMPUAN,5,2021,SLTA,4,0.053
3218,KABUPATEN PANGANDARAN,PEREMPUAN,5,2021,PERGURUAN TINGGI,0,0.029
3218,KABUPATEN PANGANDARAN,PEREMPUAN,5,2021,TK,1,0.035
3218,KABUPATEN PANGANDARAN,PEREMPUAN,5,2021,PAUD,1,0.035
3271,KOTA BOGOR,LAKI-LAKI,2,2021,,2,0.023
3271,KOTA BOGOR,LAKI-LAKI,2,2021,TIDAK SEKOLAH,2,0.023
3271,KOTA BOGOR,LAKI-LAKI,2,2021,SD,2,0.023
3271,KOTA BOGOR,LAKI-LAKI,2,2021,SLTP,4,0.035
3271,KOTA BOGOR,LAKI-LAKI,2,2021,SLTA,0,0.012
3271,KOTA BOGOR,LAKI-LAKI,2,2021,PERGURUAN TINGGI,0,0.012
3271,KOTA BOGOR,LAKI-LAKI,2,2021,TK,0,0.012
3271,KOTA BOGOR,LAKI-LAKI,2,2021,PAUD,0,0.012
3271,KOTA BOGOR,PEREMPUAN,27,2021,,25,0.305
3271,KOTA BOGOR,PEREMPUAN,27,2021,TIDAK SEKOLAH,0,0.159
3271,KOTA BOGOR,PEREMPUAN,27,2021,SD,7,0.2
3271,KOTA BOGOR,PEREMPUAN,27,2021,SLTP,6,0.194
3271,KOTA BOGOR,PEREMPUAN,27,2021,SLTA,11,0.223
3271,KOTA BOGOR,PEREMPUAN,27,2021,PERGURUAN TINGGI,6,0.194
3271,KOTA BOGOR,PEREMPUAN,27,2021,TK,0,0.159
3271,KOTA BOGOR,PEREMPUAN,27,2021,PAUD,0,0.159
3272,KOTA SUKABUMI,PEREMPUAN,23,2021,,8,0.182
3272,KOTA SUKABUMI,PEREMPUAN,23,2021,TIDAK SEKOLAH,3,0.153
3272,KOTA SUKABUMI,PEREMPUAN,23,2021,SD,8,0.182
3272,KOTA SUKABUMI,PEREMPUAN,23,2021,SLTP,6,0.17
3272,KOTA SUKABUMI,PEREMPUAN,23,2021,SLTA,14,0.217
3272,KOTA SUKABUMI,PEREMPUAN,23,2021,PERGURUAN TINGGI,1,0.141
3272,KOTA SUKABUMI,PEREMPUAN,23,2021,TK,0,0.135
3272,KOTA SUKABUMI,PEREMPUAN,23,2021,PAUD,1,0.141
3273,KOTA BANDUNG,LAKI-LAKI,9,2021,,16,0.147
3273,KOTA BANDUNG,LAKI-LAKI,9,2021,TIDAK SEKOLAH,1,0.059
3273,KOTA BANDUNG,LAKI-LAKI,9,2021,SD,5,0.082
3273,KOTA BANDUNG,LAKI-LAKI,9,2021,SLTP,16,0.147
3273,KOTA BANDUNG,LAKI-LAKI,9,2021,SLTA,3,0.07
3273,KOTA BANDUNG,LAKI-LAKI,9,2021,PERGURUAN TINGGI,4,0.076
3273,KOTA BANDUNG,LAKI-LAKI,9,2021,TK,2,0.065
3273,KOTA BANDUNG,LAKI-LAKI,9,2021,PAUD,0,0.053
3273,KOTA BANDUNG,PEREMPUAN,81,2021,,63,0.846
3273,KOTA BANDUNG,PEREMPUAN,81,2021,TIDAK SEKOLAH,6,0.511
3273,KOTA BANDUNG,PEREMPUAN,81,2021,SD,25,0.623
3273,KOTA BANDUNG,PEREMPUAN,81,2021,SLTP,24,0.617
3273,KOTA BANDUNG,PEREMPUAN,81,2021,SLTA,51,0.775
3273,KOTA BANDUNG,PEREMPUAN,81,2021,PERGURUAN TINGGI,36,0.687
3273,KOTA BANDUNG,PEREMPUAN,81,2021,TK,6,0.511
3273,KOTA BANDUNG,PEREMPUAN,81,2021,PAUD,1,0.482
3274,KOTA CIREBON,LAKI-LAKI,0,2021,,2,0.012
3274,KOTA CIREBON,LAKI-LAKI,0,2021,TIDAK SEKOLAH,0,0.0
3274,KOTA CIREBON,LAKI-LAKI,0,2021,SD,0,0.0
3274,KOTA CIREBON,LAKI-LAKI,0,2021,SLTP,0,0.0
3274,KOTA CIREBON,LAKI-LAKI,0,2021,SLTA,0,0.0
3274,KOTA CIREBON,LAKI-LAKI,0,2021,PERGURUAN TINGGI,0,0.0
3274,KOTA CIREBON,LAKI-LAKI,0,2021,TK,0,0.0
3274,KOTA CIREBON,LAKI-LAKI,0,2021,PAUD,0,0.0
3274,KOTA CIREBON,PEREMPUAN,12,2021,,0,0.07
3274,KOTA CIREBON,PEREMPUAN,12,2021,TIDAK SEKOLAH,0,0.07
3274,KOTA CIREBON,PEREMPUAN,12,2021,SD,2,0.082
3274,KOTA CIREBON,PEREMPUAN,12,2021,SLTP,8,0.117
3274,KOTA CIREBON,PEREMPUAN,12,2021,SLTA,11,0.135
3274,KOTA CIREBON,PEREMPUAN,12,2021,PERGURUAN TINGGI,4,0.094
3274,KOTA CIREBON,PEREMPUAN,12,2021,TK,1,0.076
3274,KOTA CIREBON,PEREMPUAN,12,2021,PAUD,1,0.076
3275,KOTA BEKASI,LAKI-LAKI,11,2021,,17,0.164
3275,KOTA BEKASI,LAKI-LAKI,11,2021,TIDAK SEKOLAH,4,0.088
3275,KOTA BEKASI,LAKI-LAKI,11,2021,SD,4,0.088
3275,KOTA BEKASI,LAKI-LAKI,11,2021,SLTP,1,0.07
3275,KOTA BEKASI,LAKI-LAKI,11,2021,SLTA,3,0.082
3275,KOTA BEKASI,LAKI-LAKI,11,2021,PERGURUAN TINGGI,0,0.065
3275,KOTA BEKASI,LAKI-LAKI,11,2021,TK,1,0.07
3275,KOTA BEKASI,LAKI-LAKI,11,2021,PAUD,0,0.065
3275,KOTA BEKASI,PEREMPUAN,39,2021,,50,0.523
3275,KOTA BEKASI,PEREMPUAN,39,2021,TIDAK SEKOLAH,1,0.235
3275,KOTA BEKASI,PEREMPUAN,39,2021,SD,7,0.27
3275,KOTA BEKASI,PEREMPUAN,39,2021,SLTP,5,0.258
3275,KOTA BEKASI,PEREMPUAN,39,2021,SLTA,6,0.264
3275,KOTA BEKASI,PEREMPUAN,39,2021,PERGURUAN TINGGI,1,0.235
3275,KOTA BEKASI,PEREMPUAN,39,2021,TK,1,0.235
3275,KOTA BEKASI,PEREMPUAN,39,2021,PAUD,0,0.229
3276,KOTA DEPOK,LAKI-LAKI,2,2021,,7,0.053
3276,KOTA DEPOK,LAKI-LAKI,2,2021,TIDAK SEKOLAH,1,0.018
3276,KOTA DEPOK,LAKI-LAKI,2,2021,SD,13,0.088
3276,KOTA DEPOK,LAKI-LAKI,2,2021,SLTP,5,0.041
3276,KOTA DEPOK,LAKI-LAKI,2,2021,SLTA,3,0.029
3276,KOTA DEPOK,LAKI-LAKI,2,2021,PERGURUAN TINGGI,0,0.012
3276,KOTA DEPOK,LAKI-LAKI,2,2021,TK,1,0.018
3276,KOTA DEPOK,LAKI-LAKI,2,2021,PAUD,0,0.012
3276,KOTA DEPOK,LAKI-LAKI,6,2021,,7,0.076
3276,KOTA DEPOK,LAKI-LAKI,6,2021,TIDAK SEKOLAH,1,0.041
3276,KOTA DEPOK,LAKI-LAKI,6,2021,SD,13,0.112
3276,KOTA DEPOK,LAKI-LAKI,6,2021,SLTP,5,0.065
3276,KOTA DEPOK,LAKI-LAKI,6,2021,SLTA,3,0.053
3276,KOTA DEPOK,LAKI-LAKI,6,2021,PERGURUAN TINGGI,0,0.035
3276,KOTA DEPOK,LAKI-LAKI,6,2021,TK,1,0.041
3276,KOTA DEPOK,LAKI-LAKI,6,2021,PAUD,0,0.035
3276,KOTA DEPOK,PEREMPUAN,89,2021,,17,0.623
3276,KOTA DEPOK,PEREMPUAN,89,2021,TIDAK SEKOLAH,3,0.54
3276,KOTA DEPOK,PEREMPUAN,89,2021,SD,32,0.711
3276,KOTA DEPOK,PEREMPUAN,89,2021,SLTP,25,0.67
3276,KOTA DEPOK,PEREMPUAN,89,2021,SLTA,69,0.928
3276,KOTA DEPOK,PEREMPUAN,89,2021,PERGURUAN TINGGI,45,0.787
3276,KOTA DEPOK,PEREMPUAN,89,2021,TK,6,0.558
3276,KOTA DEPOK,PEREMPUAN,89,2021,PAUD,0,0.523
3277,KOTA CIMAHI,LAKI-LAKI,1,2021,,0,0.006
3277,KOTA CIMAHI,LAKI-LAKI,1,2021,TIDAK SEKOLAH,0,0.006
3277,KOTA CIMAHI,LAKI-LAKI,1,2021,SD,0,0.006
3277,KOTA CIMAHI,LAKI-LAKI,1,2021,SLTP,0,0.006
3277,KOTA CIMAHI,LAKI-LAKI,1,2021,SLTA,1,0.012
3277,KOTA CIMAHI,LAKI-LAKI,1,2021,PERGURUAN TINGGI,0,0.006
3277,KOTA CIMAHI,LAKI-LAKI,1,2021,TK,0,0.006
3277,KOTA CIMAHI,LAKI-LAKI,1,2021,PAUD,0,0.006
3277,KOTA CIMAHI,PEREMPUAN,5,2021,,5,0.059
3277,KOTA CIMAHI,PEREMPUAN,5,2021,TIDAK SEKOLAH,0,0.029
3277,KOTA CIMAHI,PEREMPUAN,5,2021,SD,5,0.059
3277,KOTA CIMAHI,PEREMPUAN,5,2021,SLTP,3,0.047
3277,KOTA CIMAHI,PEREMPUAN,5,2021,SLTA,6,0.065
3277,KOTA CIMAHI,PEREMPUAN,5,2021,PERGURUAN TINGGI,0,0.029
3277,KOTA CIMAHI,PEREMPUAN,5,2021,TK,0,0.029
3277,KOTA CIMAHI,PEREMPUAN,5,2021,PAUD,0,0.029
3278,KOTA TASIKMALAYA,LAKI-LAKI,0,2021,,0,0.0
3278,KOTA TASIKMALAYA,LAKI-LAKI,0,2021,TIDAK SEKOLAH,0,0.0
3278,KOTA TASIKMALAYA,LAKI-LAKI,0,2021,SD,0,0.0
3278,KOTA TASIKMALAYA,LAKI-LAKI,0,2021,SLTP,0,0.0
3278,KOTA TASIKMALAYA,LAKI-LAKI,0,2021,SLTA,0,0.0
3278,KOTA TASIKMALAYA,LAKI-LAKI,0,2021,PERGURUAN TINGGI,0,0.0
3278,KOTA TASIKMALAYA,LAKI-LAKI,0,2021,TK,0,0.0
3278,KOTA TASIKMALAYA,LAKI-LAKI,0,2021,PAUD,0,0.0
3278,KOTA TASIKMALAYA,PEREMPUAN,3,2021,,5,0.047
3278,KOTA TASIKMALAYA,PEREMPUAN,3,2021,TIDAK SEKOLAH,0,0.018
3278,KOTA TASIKMALAYA,PEREMPUAN,3,2021,SD,1,0.023
3278,KOTA TASIKMALAYA,PEREMPUAN,3,2021,SLTP,0,0.018
3278,KOTA TASIKMALAYA,PEREMPUAN,3,2021,SLTA,0,0.018
3278,KOTA TASIKMALAYA,PEREMPUAN,3,2021,PERGURUAN TINGGI,1,0.023
3278,KOTA TASIKMALAYA,PEREMPUAN,3,2021,TK,0,0.018
3278,KOTA TASIKMALAYA,PEREMPUAN,3,2021,PAUD,0,0.018
3279,KOTA BANJAR,LAKI-LAKI,0,2021,,2,0.012
3279,KOTA BANJAR,LAKI-LAKI,0,2021,TIDAK SEKOLAH,0,0.0
3279,KOTA BANJAR,LAKI-LAKI,0,2021,SD,0,0.0
3279,KOTA BANJAR,LAKI-LAKI,0,2021,SLTP,0,0.0
3279,KOTA BANJAR,LAKI-LAKI,0,2021,SLTA,0,0.0
3279,KOTA BANJAR,LAKI-LAKI,0,2021,PERGURUAN TINGGI,0,0.0
3279,KOTA BANJAR,LAKI-LAKI,0,2021,TK,0,0.0
3279,KOTA BANJAR,LAKI-LAKI,0,2021,PAUD,0,0.0
3279,KOTA BANJAR,PEREMPUAN,3,2021,,14,0.1
3279,KOTA BANJAR,PEREMPUAN,3,2021,TIDAK SEKOLAH,0,0.018
3279,KOTA BANJAR,PEREMPUAN,3,2021,SD,0,0.018
3279,KOTA BANJAR,PEREMPUAN,3,2021,SLTP,0,0.018
3279,KOTA BANJAR,PEREMPUAN,3,2021,SLTA,0,0.018
3279,KOTA BANJAR,PEREMPUAN,3,2021,PERGURUAN TINGGI,0,0.018
3279,KOTA BANJAR,PEREMPUAN,3,2021,TK,1,0.023
3279,KOTA BANJAR,PEREMPUAN,3,2021,PAUD,0,0.018
